rms,kurtosis,peak_to_peak,std,mean_abs,bpfo_energy,bpfi_energy,bsf_energy,timestamp,rul_hours,label
0.07417899856512623,0.6292092021170044,0.8400000000000001,0.07347493104305192,0.058332421875000005,0.016026948258739227,0.010356800777744127,0.013607927231345806,2004-02-12 10:32:39,163.83333333333334,0
0.07538245681139528,0.6487424093070309,0.757,0.07533812128951385,0.058996630859374996,0.02110941891983362,0.012528087639074266,0.014770833473193256,2004-02-12 10:42:39,163.66666666666666,0
0.07622977446919937,0.5138937170258222,0.903,0.0761892927992494,0.06023896484375,0.013982195353522804,0.011865753314364562,0.012511919262226725,2004-02-12 10:52:39,163.5,0
0.07872367646602974,1.1585285019885925,1.184,0.07869075089989153,0.061453271484375,0.018829779466301048,0.014125447913855938,0.012803436607188341,2004-02-12 11:02:39,163.33333333333334,0
0.07847429073677968,0.6036172404933771,0.782,0.07843746411081838,0.06136098632812501,0.021872771253320857,0.012179113411817103,0.01718522851177869,2004-02-12 11:12:39,163.16666666666666,0
0.07831464139380723,0.45649801800150813,0.8049999999999999,0.07829782000144782,0.061668505859375,0.015195580993364367,0.014093712397604846,0.016631922405559017,2004-02-12 11:22:39,163.0,0
0.07863244325857172,0.4790248714887766,0.796,0.07861603186545633,0.061943945312500005,0.015189587316558548,0.014965009715770593,0.01631593563648482,2004-02-12 11:32:39,162.83333333333334,0
0.07777288022464836,0.47239073136216936,0.749,0.07774646967579023,0.061231347656250004,0.01598839371161064,0.013810758947215913,0.016831324669448193,2004-02-12 11:42:39,162.66666666666666,0
0.07902942984262255,0.4049061226193671,0.747,0.07900619543360511,0.062281347656250007,0.01314651837217239,0.014973033072894762,0.01752926585460144,2004-02-12 11:52:39,162.5,0
0.07571755989830314,0.32557575032762953,0.722,0.07568852631669243,0.059892822265625,0.02039022853188915,0.015767962399487658,0.012556074125543328,2004-02-12 12:02:39,162.33333333333334,0
0.07924111648011797,0.45561611311583317,0.815,0.07922086801763584,0.062369384765625,0.020837585864544907,0.014465003854873244,0.014335001458798886,2004-02-12 12:12:39,162.16666666666666,0
0.077638908086269,0.6419647483524056,0.913,0.07762333368719734,0.06083764648437501,0.02361910779011318,0.013423150592954841,0.01460629375171958,2004-02-12 12:22:39,162.0,0
0.07740458087623109,0.36510812429231887,0.778,0.07736575740151559,0.061091308593750004,0.018794477622876976,0.01530783006862465,0.018050716723332846,2004-02-12 12:32:39,161.83333333333334,0
0.07986468720103242,0.5986922642359724,0.852,0.07985799357629145,0.06260361328125001,0.024918148464777214,0.01808588990453155,0.01760593480241253,2004-02-12 12:42:39,161.66666666666666,0
0.07921698007145074,0.5515379564037981,0.8049999999999999,0.07918146190235564,0.06234145507812501,0.02352721657641638,0.021530602902947785,0.013999567561344154,2004-02-12 12:52:39,161.5,0
0.07866177721938719,0.5534797335794157,0.725,0.07864707093207793,0.06163056640625,0.013765672278481696,0.01697176408938226,0.01332430203966428,2004-02-12 13:02:39,161.33333333333334,0
0.07845338360094803,0.48037632487840476,0.8200000000000001,0.07842744893849181,0.061883496093750004,0.015626072531279043,0.01629915035167226,0.01766526851948171,2004-02-12 13:12:39,161.16666666666666,0
0.07762277416041877,0.44815124004968876,0.849,0.07760498435587541,0.061244482421875,0.013711274752508362,0.012923700221326759,0.017130365898740334,2004-02-12 13:22:39,161.0,0
0.07782555832949016,0.3418217176820537,0.761,0.07777670281156139,0.061474462890625005,0.014545547664148355,0.014991555154907809,0.011984930834323506,2004-02-12 13:32:39,160.83333333333334,0
0.07893316063389487,0.5968683165729933,0.874,0.07890076758853798,0.061842382812500006,0.013612157151252646,0.016989533536085216,0.013637395427968711,2004-02-12 13:42:39,160.66666666666666,0
0.07902854786058722,0.5067967867356327,0.8029999999999999,0.07901527413866455,0.062211376953124994,0.015652878049256403,0.012850203689892724,0.015674492384583568,2004-02-12 13:52:39,160.5,0
0.07936328499916932,0.3847937352068196,0.742,0.07934267114626233,0.062623291015625,0.015092704928808381,0.014612434828526382,0.012230378921755002,2004-02-12 14:02:39,160.33333333333334,0
0.07948672040475141,0.41536679797736253,0.6859999999999999,0.07946629829958578,0.062512646484375,0.014217558614257155,0.015932765582262115,0.015479793547265256,2004-02-12 14:12:39,160.16666666666666,0
0.07975294340914242,0.5204940512938818,0.759,0.07972131548057863,0.06260395507812501,0.020028721277084712,0.010910305093928728,0.019712966961142022,2004-02-12 14:22:39,160.0,0
0.07938138784581765,0.4850924186751264,0.85,0.07935676530457542,0.06244741210937501,0.011989069210723834,0.014998281334808999,0.018782678601591562,2004-02-12 14:32:39,159.83333333333334,0
0.07759187944533484,0.3103442676736252,0.7130000000000001,0.07756141544378374,0.061328759765625004,0.01387703906653245,0.01698406355594612,0.014014378968684568,2004-02-12 14:42:39,159.66666666666666,0
0.07774099563514575,0.3684250157339868,0.732,0.07772622576182905,0.06144902343750001,0.01671274962448827,0.01130101013056473,0.01838052614138275,2004-02-12 14:52:39,159.5,0
0.07751394405806931,0.4046000652526254,0.769,0.0774813044446991,0.0612880859375,0.016371145626803654,0.016319298778691912,0.010968187532480474,2004-02-12 15:02:39,159.33333333333334,0
0.07827954401833694,0.3423682474834888,0.735,0.07824409152481353,0.06190380859375,0.010010852227238302,0.011469252669536556,0.016299682298416385,2004-02-12 15:12:39,159.16666666666666,0
0.07886118143611597,0.5354437327065127,0.871,0.07882328465921586,0.06188974609375001,0.016505441895305187,0.013593523696670313,0.016636496171794718,2004-02-12 15:22:39,159.0,0
0.07858236746600665,0.48945715298742787,0.803,0.0785494350087652,0.06172607421875,0.017693692789094804,0.016779053745037985,0.013884767437972302,2004-02-12 15:32:39,158.83333333333334,0
0.08023091764702917,0.4871236429578749,0.774,0.08021030375043676,0.063207958984375,0.017728109628012228,0.023936994062035585,0.017854771874789527,2004-02-12 15:42:39,158.66666666666666,0
0.07742107025313345,0.5090902061022118,0.732,0.07739824509206791,0.060691357421875,0.015161023310255456,0.014105525015398988,0.01594978172565139,2004-02-12 15:52:39,158.5,0
0.07901612461528817,0.4048842121206997,0.74,0.07899110019602928,0.062273437499999994,0.02597415447880812,0.016503624157252882,0.021607803727745352,2004-02-12 16:02:39,158.33333333333334,0
0.07823475415576188,0.4070732595233344,0.6619999999999999,0.07822305672439377,0.0615251953125,0.01586539349648139,0.018265456513278003,0.016286069246753833,2004-02-12 16:12:39,158.16666666666666,0
0.07812870584960674,0.4222749206458025,0.71,0.07810817348945709,0.061505615234375,0.016792541966745123,0.013612327378304341,0.018859222477746667,2004-02-12 16:22:39,158.0,0
0.07686189103169887,0.41002085652460396,0.76,0.07683498673524615,0.060628320312500004,0.0137013427153812,0.01613992013171806,0.020009220856994067,2004-02-12 16:32:39,157.83333333333334,0
0.07986518700725069,0.571084158858016,0.8089999999999999,0.07984444085763252,0.062685400390625,0.015852597831482268,0.013964177073390238,0.01457904191231756,2004-02-12 16:42:39,157.66666666666666,0
0.07742917473155306,0.35734947611094237,0.734,0.07739473796891001,0.06121889648437501,0.01709830234181261,0.015033304688561833,0.012311179056822214,2004-02-12 16:52:39,157.5,0
0.0784612560514543,0.6565541171106126,0.896,0.07843592197972266,0.061414404296875,0.014855325609342922,0.011817163638391949,0.018052196085024428,2004-02-12 17:02:39,157.33333333333334,0
0.0785959604559929,0.506309239910157,0.725,0.07855648477783131,0.061577539062500006,0.017530426310719074,0.014302527793420233,0.02283320812767118,2004-02-12 17:12:39,157.16666666666666,0
0.07866142681365101,0.4535176765189042,0.747,0.0786407433781452,0.06191557617187501,0.01396781606609248,0.009716186907107694,0.011500556288556639,2004-02-12 17:22:39,157.0,0
0.07762854039078106,0.4311622336999261,0.779,0.07760924722037751,0.061147216796875,0.01604446445688047,0.013288325217409856,0.01781213228130846,2004-02-12 17:32:39,156.83333333333334,0
0.07820874324224403,0.4888086210830598,0.749,0.07818452198751644,0.0614578125,0.01803054615084856,0.01122211982134978,0.016557171215972662,2004-02-12 17:42:39,156.66666666666666,0
0.07808856431612202,0.5372057619820834,0.913,0.07807192688424783,0.06138168945312501,0.02693718282784274,0.012446735031819436,0.019093309266468954,2004-02-12 17:52:39,156.5,0
0.07648226248359404,0.45807478736549534,0.705,0.07646238946336069,0.060115380859375,0.01610388593547646,0.012850872906976472,0.017160460120471063,2004-02-12 18:02:39,156.33333333333334,0
0.07891327536794347,0.35685609706344357,0.6890000000000001,0.07888778445886611,0.062267724609375005,0.01177303318846106,0.013226245606580268,0.01430100874269939,2004-02-12 18:12:39,156.16666666666666,0
0.07732266473953077,0.4987008010098708,0.752,0.07729310252096655,0.060795263671875,0.02879879646683656,0.014517286782859901,0.015916609597396332,2004-02-12 18:22:39,156.0,0
0.07824754763529333,0.33013179651246594,0.764,0.07821656732108538,0.06178398437500001,0.01521253778777253,0.01360980828867193,0.014846797969385556,2004-02-12 18:32:39,155.83333333333334,0
0.0769698265505305,0.4247094765702504,0.771,0.0769404413543266,0.060625000000000005,0.014712212434441931,0.014257796872504476,0.01652069615267412,2004-02-12 18:42:39,155.66666666666666,0
0.07847964256337436,0.5538267041997043,0.792,0.0784566088423693,0.061513964843750005,0.018917326331508316,0.011524690857251265,0.02083257667455846,2004-02-12 18:52:39,155.5,0
0.07853956351488958,0.5795482668007632,0.8300000000000001,0.07851550116945437,0.061633935546875,0.020924168773209482,0.01846675942739241,0.017446119926541995,2004-02-12 19:02:39,155.33333333333334,0
0.07938090836770041,0.6281288089313075,0.9930000000000001,0.07935929787647265,0.06239111328125,0.017623925327576333,0.01718767254990183,0.01799402577612824,2004-02-12 19:12:39,155.16666666666666,0
0.07691333012919477,0.39889819209664656,0.738,0.07688593782324185,0.06057890625000001,0.012254241192446296,0.012463061006842238,0.016271600953503884,2004-02-12 19:22:39,155.0,0
0.07662792325938943,0.4256396487454195,0.793,0.07660347064112269,0.06034692382812501,0.01319676503725005,0.015827042779092047,0.015843157506001723,2004-02-12 19:32:39,154.83333333333334,0
0.07833920727505721,0.6138303574290362,0.7909999999999999,0.07831092036327802,0.061459423828125005,0.011710246043766252,0.015035714592964195,0.011121472596568774,2004-02-12 19:42:39,154.66666666666666,0
0.07738031364276786,0.4847330505740972,0.813,0.07734228926780076,0.060919775390625,0.014560924292070244,0.013617246722499038,0.0112056108590799,2004-02-12 19:52:39,154.5,0
0.07742347280137335,0.4498178865508513,0.835,0.07739667641153741,0.06096416015625,0.012013663084102514,0.01715989721483176,0.01679756322884483,2004-02-12 20:02:39,154.33333333333334,0
0.07599751100981861,0.29894907510251967,0.694,0.07596992815109206,0.06019912109375001,0.012494191061421557,0.01336729497070877,0.021161517123938444,2004-02-12 20:12:39,154.16666666666666,0
0.07812885896719358,0.34830893823973375,0.737,0.0781090853466685,0.061614990234375,0.018293998236537642,0.013637218995338273,0.01782824234047442,2004-02-12 20:22:39,154.0,0
0.0786632849704597,0.4133845006506993,0.7789999999999999,0.07864043941895045,0.062090917968750006,0.01905649120162929,0.012609079115329744,0.01615087529592331,2004-02-12 20:32:39,153.83333333333334,0
0.07712632634090483,0.39546293783601394,0.669,0.07709218438354405,0.06078271484375001,0.014637823293983936,0.012580737985647497,0.02315919873502621,2004-02-12 20:42:39,153.66666666666666,0
0.07930147000233508,0.4728020016616421,0.777,0.07926025001588238,0.062264160156250005,0.01864572997690286,0.015028346572983594,0.015384052508776749,2004-02-12 20:52:39,153.5,0
0.0769426198413264,0.3948515919814417,0.7689999999999999,0.07691473137716869,0.06065493164062501,0.022232150376574566,0.018215010260706304,0.014869901438313748,2004-02-12 21:02:39,153.33333333333334,0
0.0771994016001541,0.37839360716086956,0.774,0.07717660830160832,0.060836083984375,0.017317158898960437,0.013509317958954544,0.012122748051992545,2004-02-12 21:12:39,153.16666666666666,0
0.07699636792620886,0.43688618105504284,0.752,0.07697548805816473,0.06068061523437501,0.01952994418916936,0.014469082093998513,0.014310477664329385,2004-02-12 21:22:39,153.0,0
0.0774460721521555,0.49155017272099055,0.8420000000000001,0.07742266494287933,0.060812451171875004,0.015288080759440612,0.013529479517098987,0.01428505154530907,2004-02-12 21:32:39,152.83333333333334,0
0.07664165646604576,0.34638248686644113,0.7130000000000001,0.0766164975079725,0.060510986328125,0.024280109286859253,0.01330486459790505,0.012790646886827517,2004-02-12 21:42:39,152.66666666666666,0
0.07695564843578329,0.4473922853271728,0.755,0.07693101411986752,0.060512841796874994,0.013628648931695487,0.013384567724476432,0.01625084431098543,2004-02-12 21:52:39,152.5,0
0.0773247059887718,0.4884538143853061,0.825,0.07728708668930986,0.060746484375,0.012271980883770751,0.01430949939553666,0.015484664924172593,2004-02-12 22:02:39,152.33333333333334,0
0.07577292447823547,0.5886015077188809,0.861,0.07572478230967107,0.059399853515625003,0.01734020422165514,0.015538190658202604,0.021535657775528315,2004-02-12 22:12:39,152.16666666666666,0
0.07668913124793174,0.3627799142630792,0.74,0.0766661109152291,0.06052802734375,0.01901833363025016,0.014054844712653173,0.014632720637217577,2004-02-12 22:22:39,152.0,0
0.07740031675131004,0.5405861028463921,0.8029999999999999,0.07736800711452542,0.060770068359375005,0.010041513495167053,0.015376628130083326,0.014911188364044299,2004-02-12 22:32:39,151.83333333333334,0
0.07795509180220767,0.3264466514616422,0.781,0.07793970891358244,0.061740966796875,0.019541452870966015,0.01588920196865719,0.01844394591187603,2004-02-12 22:42:39,151.66666666666666,0
0.07882041185009597,0.39521454929296596,0.769,0.07879662162435938,0.061893847656250014,0.017715185112553423,0.0175999920091073,0.014459444030776356,2004-02-12 22:52:39,151.5,0
0.07756062271096396,0.3405372655407426,0.7250000000000001,0.07753322072782182,0.061242285156250006,0.02085223350897188,0.01585743131885163,0.02106431849347507,2004-02-12 23:02:39,151.33333333333334,0
0.07689052656973988,0.44653659098530296,0.694,0.0768620850433046,0.060409228515625,0.01450080573499757,0.015206780271275698,0.013708064048014537,2004-02-12 23:12:39,151.16666666666666,0
0.07824627430976747,0.4449788631957641,0.854,0.07822026971915784,0.061592333984375004,0.011868593528570833,0.015302647914829385,0.014725918118245836,2004-02-12 23:22:39,151.0,0
0.07672532972039367,0.6547534014072398,0.808,0.076706570747191,0.06002153320312501,0.016100433466605082,0.01746601552772803,0.020003058378303185,2004-02-12 23:32:39,150.83333333333334,0
0.07738254866499697,0.38674245025720166,0.786,0.0773706565603994,0.060835693359375,0.013329846654748538,0.014777458240336354,0.016529201090863647,2004-02-12 23:42:39,150.66666666666666,0
0.07699061808712475,0.4494578372958693,0.71,0.0769514830366446,0.060486035156250006,0.011552566822271237,0.012780421762691783,0.012608149012867947,2004-02-12 23:52:39,150.5,0
0.07482262488921716,0.30311315712826614,0.706,0.07479142203837336,0.05913115234375001,0.01401396664285607,0.018097871083229296,0.016375660512851633,2004-02-13 00:02:39,150.33333333333334,0
0.07733855853789072,0.5820626625633221,0.904,0.07730518236640493,0.060680371093750005,0.014700634499029249,0.014902562683979223,0.013146914067113746,2004-02-13 00:12:39,150.16666666666666,0
0.0767939753394594,0.31981096553848465,0.716,0.0767718692892115,0.06073251953125001,0.018315406150263093,0.015262453000084733,0.015181396583911435,2004-02-13 00:22:39,150.0,0
0.077721765308917,0.4397595489273458,0.754,0.07770301804785826,0.061102587890625004,0.0158154895015,0.01378095054821721,0.01457690977161225,2004-02-13 00:32:39,149.83333333333334,0
0.0773589786144157,0.5734976079468663,0.781,0.07733765888729578,0.06074692382812501,0.016894734868325184,0.015430474752048205,0.012453525401962897,2004-02-13 00:42:39,149.66666666666666,0
0.07689176995692955,0.2634877352459193,0.755,0.07684285540653787,0.06091245117187501,0.0156532811788527,0.013723411709096021,0.016619664358549727,2004-02-13 00:52:39,149.5,0
0.07492218065631082,0.44135716911248446,0.718,0.07489928008879171,0.058880419921875,0.01828141974801965,0.012047006216106881,0.022529080726059577,2004-02-13 01:02:39,149.33333333333334,0
0.07763068115281484,0.6073537563245921,0.872,0.0776150336067212,0.06084023437500001,0.02307828345923776,0.012087831865470458,0.01689817801884892,2004-02-13 01:12:39,149.16666666666666,0
0.07778453061583003,0.4207065698875585,0.721,0.07776034071566805,0.06119335937500001,0.01389641120722987,0.0126749937733783,0.01583232206895191,2004-02-13 01:22:39,149.0,0
0.0785893111942354,0.380525792996945,0.771,0.07854299264982698,0.06205590820312501,0.01974224349877093,0.014215714928044564,0.020258839225091477,2004-02-13 01:32:39,148.83333333333334,0
0.07599053317889341,0.34681725639021144,0.732,0.07594613449074082,0.0600568359375,0.018132881274096777,0.015070028645964649,0.014473197622992021,2004-02-13 01:42:39,148.66666666666666,0
0.07671097179256287,0.35853647469820027,0.718,0.07668904663489619,0.06057661132812501,0.01711692461634332,0.013982651319762264,0.011161439248137476,2004-02-13 01:52:39,148.5,0
0.07504429291050385,0.3539286504292516,0.767,0.07501633557018661,0.059359179687500006,0.013287519803449865,0.016098256162259104,0.012601318660256695,2004-02-13 02:02:39,148.33333333333334,0
0.07824627774193958,0.5433076702341766,0.755,0.07822606699390491,0.061482519531250016,0.016484842911921444,0.013772155496860054,0.015381143352722386,2004-02-13 02:12:39,148.16666666666666,0
0.07745035456261644,0.5012639747864229,0.764,0.07743030001138924,0.06067919921875,0.016470244666615435,0.014885754425575728,0.016710522393818632,2004-02-13 02:22:39,148.0,0
0.07831602988602891,0.5370585942718482,0.845,0.07829629476519134,0.061474560546875015,0.012014400930535003,0.014023729929304358,0.013295983405811158,2004-02-13 02:32:39,147.83333333333334,0
0.07656014919860397,0.38960742903675216,0.8029999999999999,0.07652371351325286,0.060369140625,0.01724902984759732,0.014177613609332604,0.01458072832081252,2004-02-13 02:42:39,147.66666666666666,0
0.0776802038005823,0.45126460155978654,0.759,0.0776539195149843,0.061071972656249994,0.015628846399149667,0.011736001440589535,0.015120619781978406,2004-02-13 02:52:39,147.5,0
0.07571563009461785,0.3929227788413705,0.774,0.07569132158473815,0.05984189453125001,0.01767080118263094,0.012090023087141825,0.016811023436981754,2004-02-13 03:02:39,147.33333333333334,0
0.07794620572117751,0.5252844257978593,0.749,0.0779258334891341,0.061092041015625,0.015454985177420371,0.012417094150033066,0.013414073307424062,2004-02-13 03:12:39,147.16666666666666,0
0.07659392690463046,0.41695775375972577,0.75,0.07655343633445863,0.06035493164062501,0.01785177872862882,0.015123335812816946,0.01049481959861481,2004-02-13 03:22:39,147.0,0
0.07639991985536536,0.4457759046915699,0.867,0.07637900854794992,0.06017919921875,0.012658290903384174,0.01685784278049745,0.01996399306580629,2004-02-13 03:32:39,146.83333333333334,0
0.07663180186215528,0.4011706403190245,0.7010000000000001,0.07660424736225324,0.060262451171874995,0.022436400582442208,0.012156430088243448,0.014988082326271399,2004-02-13 03:42:39,146.66666666666666,0
0.07728281753869194,0.5320803676153165,0.833,0.0772601424092203,0.06067714843750001,0.018184505821074358,0.016548512377106802,0.011698727243090516,2004-02-13 03:52:39,146.5,0
0.0776406155665118,0.4426073435842044,0.7889999999999999,0.07761026090357094,0.061193310546875004,0.019034644610584944,0.015756837753639456,0.01748584841702229,2004-02-13 04:02:39,146.33333333333334,0
0.0768205504579097,0.4364994841523204,0.8029999999999999,0.07680829639898158,0.060404492187500006,0.012085061687403111,0.016926536937098238,0.014674338242710597,2004-02-13 04:12:39,146.16666666666666,0
0.07606189688801565,0.4777304939174578,0.786,0.07604144332532264,0.059834130859375,0.01782855476534575,0.01487099771629501,0.020852100773509318,2004-02-13 04:22:39,146.0,0
0.07604057915175538,0.44834787258164965,0.708,0.0760203773412639,0.059873095703125004,0.01579936576858428,0.010597137894899007,0.018467070263194815,2004-02-13 04:32:39,145.83333333333334,0
0.07735977517064747,0.41875138519767896,0.745,0.07733958012969694,0.06104184570312501,0.018673618423604686,0.013878328971146218,0.01506469097895589,2004-02-13 04:42:39,145.66666666666666,0
0.07650372776099296,0.4769475328168964,0.6950000000000001,0.07647438708791138,0.060097900390625,0.015810259871796985,0.012678101892596987,0.012873093263629598,2004-02-13 04:52:39,145.5,0
0.07627544849405181,0.3882241127739219,0.718,0.07626393747486522,0.06013740234375,0.015855694684358657,0.014396598528771338,0.02060345142586378,2004-02-13 05:02:39,145.33333333333334,0
0.07797731008871667,0.4258388354572542,0.766,0.0779639045172761,0.06129438476562501,0.017110558690750868,0.017859319637795117,0.016482620233064384,2004-02-13 05:12:39,145.16666666666666,0
0.0760653325402126,0.4510354824843734,0.782,0.07603626725856104,0.05982924804687499,0.017828103802736913,0.01267492213185127,0.01500462881060572,2004-02-13 05:22:39,145.0,0
0.07680503453601284,0.4787650887006123,0.726,0.07678033455909639,0.06034975585937501,0.024576691331503923,0.013903723700300834,0.017575268439202988,2004-02-13 05:32:39,144.83333333333334,0
0.07551238321978224,0.3988176485228587,0.7569999999999999,0.07548887260011546,0.0594951171875,0.019503399922035414,0.012047447724342198,0.017872671200121405,2004-02-13 05:42:39,144.66666666666666,0
0.07894839654107137,0.5280554953187102,0.896,0.07893320627478842,0.06227158203125001,0.016112926301455176,0.01390476213625324,0.01513493147324578,2004-02-13 05:52:39,144.5,0
0.07721538210988145,0.48664417558149653,0.766,0.07720121432298076,0.060693359375,0.015843288910590735,0.016802117676569077,0.013858822391118427,2004-02-13 06:02:39,144.33333333333334,0
0.07775822278664489,0.5109451300118919,0.776,0.07772789904953778,0.06114707031250001,0.018918951356076286,0.014459778905333846,0.012800179718984558,2004-02-13 06:12:39,144.16666666666666,0
0.07727334295376381,0.6153417524334679,0.825,0.07726495728799573,0.06067783203125001,0.01682060063802777,0.011335636543628754,0.01204293186005414,2004-02-13 06:22:39,144.0,0
0.07669008183816046,0.40447481856526,0.832,0.07666411801261451,0.06058916015625,0.01917521972603209,0.018720925985169938,0.013723954891209814,2004-02-13 06:32:39,143.83333333333334,0
0.07812782526141454,0.5383132429879285,0.788,0.07809946968492933,0.06125405273437501,0.019518712387454503,0.017951340287200093,0.015032153567963735,2004-02-13 06:42:39,143.66666666666666,0
0.07781836762515486,0.40063633603883675,0.798,0.0778033027084582,0.061405859375,0.015435457572861366,0.010980370330457304,0.016355930255845773,2004-02-13 06:52:39,143.5,0
0.07918462868462461,0.4511974511785568,0.74,0.07916833869305943,0.062207568359375,0.012248521900276385,0.014456218405385388,0.011636995012794667,2004-02-13 07:02:39,143.33333333333334,0
0.07639264641168841,0.34701296061802056,0.708,0.07637200647852678,0.0603421875,0.014187356390545943,0.014255057124529852,0.012327886864908388,2004-02-13 07:12:39,143.16666666666666,0
0.07713871940374692,0.4449068954292845,0.784,0.07709862999292605,0.060595703125,0.010732290503489818,0.018554161091412606,0.01768680825935975,2004-02-13 07:22:39,143.0,0
0.07619743481420897,0.33838936198492675,0.752,0.07616066037723133,0.060213037109375,0.01756798579178547,0.0120618955335648,0.018006076874271297,2004-02-13 07:32:39,142.83333333333334,0
0.07634856558440947,0.471866274642915,0.73,0.07631986587115701,0.059976318359375,0.011492311763296117,0.012384621751969999,0.018448322352344497,2004-02-13 07:42:39,142.66666666666666,0
0.076352099612482,0.3804368701988299,0.72,0.07633001267470356,0.060206591796875,0.01739215109783886,0.015481640324811387,0.0169809605484557,2004-02-13 07:52:39,142.5,0
0.0749701125345127,0.3389540315484809,0.6839999999999999,0.07495282172648467,0.0592580078125,0.01781922049731563,0.013344477987509542,0.016399973125847667,2004-02-13 08:02:39,142.33333333333334,0
0.07599478131496513,0.2448600580558944,0.662,0.07595488505746131,0.060104345703125006,0.012391446020642531,0.015202316672098547,0.013023864910429436,2004-02-13 08:12:39,142.16666666666666,0
0.07637512818370995,0.6450952074312424,0.884,0.07634582203722166,0.05988364257812501,0.011210175228113628,0.014534134827113382,0.017446202540771484,2004-02-13 08:22:39,142.0,0
0.0761586642390206,0.34718931462568214,0.711,0.07614566658147008,0.06005249023437501,0.014780579752828713,0.01496235773367784,0.017781700885685394,2004-02-13 08:32:39,141.83333333333334,0
0.07675040716504376,0.41060545081539823,0.757,0.07671784801069455,0.06054824218750001,0.017024126567586218,0.0173523408996937,0.017918993777973305,2004-02-13 08:42:39,141.66666666666666,0
0.07775600390052285,0.501389560583557,0.7929999999999999,0.07773648715807786,0.061009326171875,0.01472484307371201,0.014531831931966289,0.014494455926776745,2004-02-13 08:52:39,141.5,0
0.07829207447616425,0.5047375786783772,0.752,0.07826863791312964,0.06148720703125001,0.014861983723223827,0.013074895704948563,0.019811957400329528,2004-02-13 09:02:39,141.33333333333334,0
0.0777104419815558,0.36613329983410514,0.767,0.07768923353990882,0.061328515625,0.016051787488819306,0.012621691573925035,0.016054319241992177,2004-02-13 09:12:39,141.16666666666666,0
0.0764751437227932,0.41473834399863563,0.71,0.07646021146629738,0.060148974609375,0.018612357337285293,0.010999021075136459,0.013409534771774778,2004-02-13 09:22:39,141.0,0
0.07780436422076126,0.6018860350522783,0.827,0.07777577431787479,0.061196533203125,0.017719762269725207,0.013094039127707511,0.016040299163306914,2004-02-13 09:32:39,140.83333333333334,0
0.07521345503538163,0.30735300691159795,0.6559999999999999,0.07519706579186627,0.059392431640625,0.01510582654509255,0.015492414562486371,0.016091346405785502,2004-02-13 09:42:39,140.66666666666666,0
0.0767870829209941,0.4113644823169329,0.698,0.0767530013997796,0.060437158203124994,0.010826105270416329,0.014911205498383573,0.013636617683815768,2004-02-13 09:52:39,140.5,0
0.0774211301679611,0.5058489832755129,0.825,0.07738122314840568,0.060983251953125,0.018424111506021686,0.014499329451107226,0.01508130802724858,2004-02-13 10:02:39,140.33333333333334,0
0.07658231248752874,0.601911645721124,0.915,0.07656727848982116,0.06026875,0.018905398956285374,0.01754960663891962,0.013353176341420397,2004-02-13 10:12:39,140.16666666666666,0
0.07677764732593889,0.286337469690114,0.679,0.07675272619891596,0.06063632812499999,0.01908261888210193,0.01372165224140165,0.01627362532045419,2004-02-13 10:22:39,140.0,0
0.07591135480982077,0.37409420374125135,0.751,0.0758783722994405,0.0598400390625,0.017124101061492227,0.011812607556080542,0.016893032183651718,2004-02-13 10:32:39,139.83333333333334,0
0.07588479877779788,0.5019532699186078,0.7809999999999999,0.07586668476711636,0.059756298828125,0.017573963059733556,0.01713582547207323,0.018227746101356093,2004-02-13 10:42:39,139.66666666666666,0
0.0760569816198684,0.3160360239604634,0.725,0.07604416368123817,0.06006386718750001,0.013687400226048614,0.017409527614800784,0.015144767430707638,2004-02-13 10:52:39,139.5,0
0.07562556107746408,0.41652537979971616,0.8180000000000001,0.07557396193664329,0.0596734375,0.013116204643133081,0.011691547810330351,0.014536602822704551,2004-02-13 11:02:39,139.33333333333334,0
0.07621096753266964,0.4425496839182257,0.681,0.07619034319695998,0.059917236328125,0.012329364865561087,0.011491700463967337,0.022320411029522164,2004-02-13 11:12:39,139.16666666666666,0
0.07680135350624119,0.3852787297418474,0.735,0.07677978413331095,0.060454345703125,0.021407901366263152,0.015660701240043554,0.01912535240082818,2004-02-13 11:22:39,139.0,0
0.0751580064113889,0.48882526595253806,0.7450000000000001,0.07514392636767131,0.059073583984375,0.021199960458492362,0.014827515246296736,0.011563229728591095,2004-02-13 11:32:39,138.83333333333334,0
0.07893970887150997,0.5307130897269401,0.913,0.07890910375837852,0.061993652343750004,0.01616100591396415,0.012910346268294345,0.014838165796988215,2004-02-13 11:42:39,138.66666666666666,0
0.07692398274331452,0.4780696518366532,0.757,0.07689229275459664,0.06044736328125,0.017723206168620127,0.01327821434092881,0.01670965306317418,2004-02-13 11:52:39,138.5,0
0.07649164163641917,0.4562774719827165,0.742,0.07644797579539568,0.06025131835937501,0.01604458114420257,0.01072851814790433,0.017387989367697983,2004-02-13 12:02:39,138.33333333333334,0
0.07650745183017714,0.2586284013580946,0.662,0.07647612404907565,0.060385205078125004,0.013836554863760044,0.015862975217368888,0.013464348367089806,2004-02-13 12:12:39,138.16666666666666,0
0.07739848852135696,0.3760177932894808,0.725,0.07737615456144943,0.061078271484375,0.01381834272609286,0.01798296013747629,0.015437582427091989,2004-02-13 12:22:39,138.0,0
0.0784800631530072,0.606175922765134,0.877,0.07845962608456153,0.06137294921875001,0.017330202585596047,0.013174720385100789,0.013693823436462096,2004-02-13 12:32:39,137.83333333333334,0
0.07904600278724172,0.5923497365473618,0.813,0.07901711701244041,0.062010205078125005,0.026516050884461507,0.015890862910807407,0.014192626107730888,2004-02-13 12:42:39,137.66666666666666,0
0.076684854401187,0.3702475357021897,0.7030000000000001,0.07667042799410381,0.0604716796875,0.011406386884972357,0.014681353862766632,0.018491548555550106,2004-02-13 12:52:39,137.5,0
0.07731124506358211,0.37395744116269425,0.786,0.07728679415519168,0.060983984375,0.02093462467236095,0.014008510198497085,0.01401244016617457,2004-02-13 13:02:39,137.33333333333334,0
0.07651273988842887,0.3434768358357778,0.6739999999999999,0.07648046800168884,0.060281494140625,0.019193090884597433,0.015278855343352726,0.015557487205661786,2004-02-13 13:12:39,137.16666666666666,0
0.07853164575357902,0.4249588198977219,0.756,0.07849631151655961,0.061896533203125007,0.018234942066987562,0.011609320226655251,0.014918531218586328,2004-02-13 13:22:39,137.0,0
0.07695335881944174,0.5122289163205132,0.7769999999999999,0.07692072929692957,0.06044550781250001,0.01855119072872935,0.013104639511927143,0.016730874837542393,2004-02-13 13:32:39,136.83333333333334,0
0.07736240147584209,0.5286678715120994,0.81,0.0773412657446424,0.060856201171875,0.017327398044449698,0.014306839229124027,0.016721620148005104,2004-02-13 13:42:39,136.66666666666666,0
0.07617467014102358,0.32582683362478315,0.666,0.07614734279532555,0.06001259765625,0.017606424594150214,0.015102745712628858,0.013559863098427626,2004-02-13 13:52:39,136.5,0
0.07762221305131911,0.44126352507272637,0.756,0.07759129125931354,0.06126215820312501,0.013512420782190407,0.015324520688037087,0.019345701043855506,2004-02-13 14:02:39,136.33333333333334,0
0.0772534147328817,0.4890515783361833,0.786,0.07721180173999112,0.060606103515624996,0.013504653926320253,0.01567824094893212,0.016130820153338454,2004-02-13 14:12:39,136.16666666666666,0
0.07768636614216809,0.5383634771644896,0.8300000000000001,0.07766006615308037,0.06108330078125,0.019852146115625607,0.0144048843510405,0.023879633569101364,2004-02-13 14:22:39,136.0,0
0.07781753999741961,0.4374583395709868,0.7350000000000001,0.0777935571956996,0.06134306640625,0.01885992816553161,0.013211478947531078,0.013647778684263779,2004-02-13 14:32:39,135.83333333333334,0
0.07728229123843638,0.2545496476303697,0.703,0.07726360632803746,0.061139453125,0.01686609463439541,0.010255979428640177,0.014814529157790949,2004-02-13 14:42:39,135.66666666666666,0
0.0763878511845552,0.33572204703230213,0.8280000000000001,0.0763540826791368,0.060455664062500004,0.009505903736488961,0.010767714253667538,0.01660101680525593,2004-02-13 14:52:39,135.5,0
0.07818466596582414,0.38082866873597343,0.874,0.07815524652281494,0.06175986328125001,0.012888668941266323,0.012720379121274165,0.014988821364921426,2004-02-13 15:02:39,135.33333333333334,0
0.07616144415760429,0.31977621167714876,0.6779999999999999,0.07614183026619212,0.06002963867187501,0.02019915111831496,0.0167839712069281,0.015024676601045863,2004-02-13 15:12:39,135.16666666666666,0
0.07534258573084265,0.29204135505250406,0.7010000000000001,0.07532484508450046,0.059599658203125,0.015668161294006496,0.011729055257777739,0.01171648869944732,2004-02-13 15:22:39,135.0,0
0.07689426810105468,0.409952842998234,0.715,0.07686708111474645,0.06047407226562501,0.014950609785825781,0.011745922423273563,0.01596280873005949,2004-02-13 15:32:39,134.83333333333334,0
0.07548419678875672,0.3291819780670737,0.671,0.07546214599501065,0.05972949218750001,0.015278427564011375,0.013965764597930167,0.01708495802851079,2004-02-13 15:42:39,134.66666666666666,0
0.0782630183983989,0.44028093710863203,0.972,0.07824885230540506,0.061590478515625005,0.011481468734461832,0.015510697471879468,0.016519442695624702,2004-02-13 15:52:39,134.5,0
0.07547406975298288,0.34354937165353894,0.757,0.07545435316546495,0.059642333984375,0.02089412680680868,0.01588405206273395,0.014761778151633244,2004-02-13 16:02:39,134.33333333333334,0
0.07556067544581722,0.44333651841288857,0.771,0.07553468718263605,0.059424658203125,0.014905788067097966,0.014163351412722836,0.011618354587800214,2004-02-13 16:12:39,134.16666666666666,0
0.07667824796470965,0.42546022821081264,0.745,0.07665135687649181,0.06048623046875,0.013400448204699062,0.012353202111158534,0.016119971551197505,2004-02-13 16:22:39,134.0,0
0.07675079237935838,0.7087700679881097,0.887,0.076737200128153,0.060226904296874995,0.012985179323012679,0.012492009169948125,0.016354507722211403,2004-02-13 16:32:39,133.83333333333334,0
0.07611983831535804,0.3440897950512629,0.722,0.07608979643033326,0.06019072265625001,0.01603002933027859,0.013226858180468476,0.011064996378504418,2004-02-13 16:42:39,133.66666666666666,0
0.07516506282789814,0.2676733058607814,0.669,0.0751486834272887,0.059485302734375,0.020293085597961922,0.015049897867807764,0.015559397148853899,2004-02-13 16:52:39,133.5,0
0.07809152470318882,0.35450023164976674,0.656,0.07807122492633904,0.06154042968750001,0.014851749948859577,0.021806159839686486,0.014074660751392349,2004-02-13 17:02:39,133.33333333333334,0
0.07635685583884233,0.4995074019204506,0.8049999999999999,0.07632805872566212,0.060072363281250006,0.016375753242440002,0.012540319581348335,0.01213128120458039,2004-02-13 17:12:39,133.16666666666666,0
0.07786806061076165,0.3497910984863597,0.755,0.07782999554263909,0.061408789062500004,0.01377791795384678,0.013514213885032014,0.010589840088332178,2004-02-13 17:22:39,133.0,0
0.07661025105301672,0.41648702528973125,0.745,0.07657321002498375,0.060334765624999995,0.014125384581308251,0.01190215595999552,0.01593882276009827,2004-02-13 17:32:39,132.83333333333334,0
0.07899964213229861,0.6277818190324012,0.8180000000000001,0.07898807803620275,0.06181953124999999,0.017224109759720767,0.02094260007018563,0.021994825315287025,2004-02-13 17:42:39,132.66666666666666,0
0.07538985427067177,0.508861626232378,0.781,0.07536050939328993,0.059261279296875004,0.0150157067480425,0.020929604303290248,0.013387404891373876,2004-02-13 17:52:39,132.5,0
0.07723122433134638,0.4009004303458692,0.7030000000000001,0.07720547781315473,0.060583691406249994,0.019676534444601622,0.014369284012519681,0.0144008050426094,2004-02-13 18:02:39,132.33333333333334,0
0.07531071120800978,0.29089482110572895,0.7230000000000001,0.07528655729607739,0.059595996093750006,0.011295875997029728,0.012723173194504887,0.010388133222249307,2004-02-13 18:12:39,132.16666666666666,0
0.07813312239027137,0.5668804218021823,0.872,0.07812222617620639,0.06155981445312501,0.018135350027611838,0.010610514867230098,0.013420086029244192,2004-02-13 18:22:39,132.0,0
0.07744816468381047,0.28804195949951295,0.6890000000000001,0.07742304190688415,0.06117045898437501,0.015270709533310816,0.00996119270304333,0.011372903432706222,2004-02-13 18:32:39,131.83333333333334,0
0.07761624000742773,0.5166355649554752,0.83,0.07758341228359364,0.060975634765624995,0.023399476416002308,0.01681060323788593,0.013098831711323063,2004-02-13 18:42:39,131.66666666666666,0
0.07773736614848181,0.366247283912287,0.752,0.07771170832533071,0.061459423828125005,0.014493214632808771,0.018749004422742997,0.016784390031100483,2004-02-13 18:52:39,131.5,0
0.07657840332279559,0.5129650518073614,0.798,0.07655629609046088,0.06009228515625,0.013247673777224194,0.013875321149004232,0.015579158330085044,2004-02-13 19:02:39,131.33333333333334,0
0.07618282421306082,0.38144047227508837,0.793,0.0761457171826727,0.059943505859375,0.018648501561535573,0.014548695894455335,0.014979519737699313,2004-02-13 19:12:39,131.16666666666666,0
0.07527411495867953,0.45188254292078067,0.874,0.07524764443192698,0.0592443359375,0.019111427963481333,0.011059348164802859,0.016705617260151857,2004-02-13 19:22:39,131.0,0
0.07653573894552466,0.3529087347333544,0.754,0.07651418403818844,0.06038212890625,0.010925916814608298,0.016673608612313307,0.014281807633807873,2004-02-13 19:32:39,130.83333333333334,0
0.07660493658109607,0.3466429193016869,0.7030000000000001,0.07657643296815494,0.0604736328125,0.015496605262306335,0.017378729177600655,0.023833996708821626,2004-02-13 19:42:39,130.66666666666666,0
0.07864126887278634,0.3628756334044838,0.791,0.07862438808983879,0.062166455078125,0.013337868019200174,0.011911469542365886,0.016931800007837616,2004-02-13 19:52:39,130.5,0
0.07702684539892164,0.5429448665930026,0.845,0.07700383419533723,0.060528564453125,0.014525010507475272,0.01703670218749635,0.015479636079520165,2004-02-13 20:02:39,130.33333333333334,0
0.07654619086497708,0.520435514051969,0.833,0.07652579803399628,0.06018378906250001,0.017883183985896868,0.014659036598920023,0.01617909457583989,2004-02-13 20:12:39,130.16666666666666,0
0.07741179487861087,0.4322992994351451,0.7030000000000001,0.0773896824151287,0.060938330078125005,0.01904265315552199,0.011890549607105626,0.01517019769606493,2004-02-13 20:22:39,130.0,0
0.07589032163569179,0.5102486777027258,0.847,0.0758711009598973,0.0597330078125,0.01648353728636905,0.01342547093461264,0.018897609720441706,2004-02-13 20:32:39,129.83333333333334,0
0.07564360372930583,0.42260100289206237,0.903,0.0756129652894723,0.059664550781250006,0.013672801412684626,0.012208683712581443,0.015474736477537412,2004-02-13 20:42:39,129.66666666666666,0
0.07589364120524608,0.38588761509665304,0.74,0.07584539467327026,0.059738037109374996,0.017668916879125623,0.012857734363725004,0.02006510609729716,2004-02-13 20:52:39,129.5,0
0.07722140418091265,0.3505116166620086,0.742,0.07718505169401052,0.060894775390625,0.011598461566153889,0.009976977119726052,0.011810395531955554,2004-02-13 21:02:39,129.33333333333334,0
0.07669429791080462,0.39784041741177933,0.733,0.07666136660171108,0.060446093750000006,0.013697498961210593,0.014786281243548582,0.012164459923250595,2004-02-13 21:12:39,129.16666666666666,0
0.07669445070884366,0.4546607285739004,0.869,0.07667083221833441,0.060671582031250004,0.016394307809624527,0.014442997884787829,0.013059733609390856,2004-02-13 21:22:39,129.0,0
0.0764435019107249,0.46254808105081047,0.735,0.07640126774314035,0.05993408203125,0.02151601325507622,0.012471067038722602,0.018985458731275738,2004-02-13 21:32:39,128.83333333333334,0
0.07806299602024157,0.33152010629713136,0.7150000000000001,0.07803364064469648,0.06166845703125,0.012783641558157857,0.011416287056562464,0.01723527950425425,2004-02-13 21:42:39,128.66666666666666,0
0.07733820308392224,0.42740816100450285,0.73,0.07730749201326231,0.06085458984375001,0.017367785788380576,0.012973913536479554,0.016680798871570993,2004-02-13 21:52:39,128.5,0
0.07694966711774165,0.32048044837568535,0.747,0.07692046829570813,0.06080751953125001,0.012421187697631588,0.012287201239438448,0.013284521710661894,2004-02-13 22:02:39,128.33333333333334,0
0.07891612654772708,0.5190407977623779,0.8029999999999999,0.07888717205163497,0.06198071289062501,0.022105809675474593,0.015593316217526031,0.02010236570966341,2004-02-13 22:12:39,128.16666666666666,0
0.07747811939105775,0.40685124474428314,0.728,0.07746037066070563,0.0610279296875,0.013692534179393178,0.013885777707864918,0.015216857027364595,2004-02-13 22:22:39,128.0,0
0.07688436331443231,0.4092359237632901,0.749,0.07686808002580685,0.060548193359375,0.022261179008295204,0.014878131514376777,0.01703636875604405,2004-02-13 22:32:39,127.83333333333333,0
0.07743250463104949,0.2124422822387677,0.642,0.07739387126679906,0.06128935546875001,0.01583228786576362,0.011527604845618298,0.016375267822058098,2004-02-13 22:42:39,127.66666666666667,0
0.07765237980798625,0.4667667063921028,0.8009999999999999,0.07761845480901686,0.06117880859375,0.022824238776466513,0.013153828867849342,0.01518846103246016,2004-02-13 22:52:39,127.5,0
0.07845143800466631,0.39070355960598535,0.713,0.07842634470312429,0.06173798828125001,0.026592811605780035,0.01628380092825167,0.01292609436483576,2004-02-13 23:02:39,127.33333333333333,0
0.07746541157338786,0.39855013522021654,0.916,0.07745103192683972,0.061184326171875004,0.015507707573802428,0.014960001919482623,0.014803191610147695,2004-02-13 23:12:39,127.16666666666667,0
0.07702369416543603,0.3223340571045563,0.796,0.0769863685436662,0.060832666015625,0.019029721439113776,0.01221491035086891,0.013319057392011762,2004-02-13 23:22:39,127.0,0
0.07602763394350028,0.37913805253078037,0.679,0.0759900835864513,0.059829638671875005,0.013863584539253118,0.012433041525517278,0.01490798174100709,2004-02-13 23:32:39,126.83333333333333,0
0.07740210771869765,0.3424683294056914,0.728,0.0773580671906957,0.061067236328124996,0.011587378179738296,0.013742011101998384,0.016994509982500718,2004-02-13 23:42:39,126.66666666666667,0
0.07756348867470199,0.473844477878838,0.754,0.07754091329985661,0.061001904296875,0.011296107952550148,0.010902795456255316,0.015914350538629815,2004-02-13 23:52:39,126.5,0
0.0770032787070825,0.44760487711415475,0.743,0.07698179360874721,0.060413623046875,0.01594647070494552,0.014656956246264754,0.013898147594119928,2004-02-14 00:02:39,126.33333333333333,0
0.07633698995347046,0.44755614350928496,0.733,0.0763151552089869,0.05996123046875,0.014108154622709111,0.01097182405627787,0.016090955388321136,2004-02-14 00:12:39,126.16666666666667,0
0.07642125683403637,0.5473555521276334,0.845,0.07639013810918444,0.06019365234375,0.017828593895702224,0.015671199336774314,0.012359403817477568,2004-02-14 00:22:39,126.0,0
0.07821621550028805,0.4040752842378912,0.782,0.07819087792379231,0.061523535156249996,0.01949473913895554,0.01417785038521186,0.014049686415626216,2004-02-14 00:32:39,125.83333333333333,0
0.0776202063611459,0.3794967259193962,0.73,0.07758871592333584,0.061168798828125,0.015879888166698074,0.011239881425414485,0.008494881816085226,2004-02-14 00:42:39,125.66666666666667,0
0.07717074242436783,0.371684553125859,0.84,0.07715302673181239,0.060855908203124996,0.01487984923390551,0.01315554700497149,0.0176445620495006,2004-02-14 00:52:39,125.5,0
0.07785537630209377,0.5054906905291201,0.8300000000000001,0.07782723749792411,0.061240966796875004,0.022205497672981977,0.011552364527504544,0.013440029187357764,2004-02-14 01:02:39,125.33333333333333,0
0.0761451459513548,0.3289843429432038,0.7110000000000001,0.0761109060021734,0.060006494140625,0.020622602569596808,0.014495141926070208,0.016455850005495574,2004-02-14 01:12:39,125.16666666666667,0
0.07811579383257748,0.42598282561792455,0.784,0.07808635380561539,0.061500781250000004,0.016561810004631024,0.013321051238542743,0.01502718070866867,2004-02-14 01:22:39,125.0,0
0.07646615334526692,0.350925302999598,0.737,0.07644353036305476,0.060510986328125,0.014643069787407119,0.013201003330816339,0.015244582222405415,2004-02-14 01:32:39,124.83333333333333,0
0.077847334070442,0.30071702373279274,0.725,0.07782119996755746,0.06143486328125001,0.01387380003222348,0.012011639511200349,0.01738176739418813,2004-02-14 01:42:39,124.66666666666667,0
0.07809616123978583,0.267226578818212,0.735,0.07807434200224268,0.061867724609374994,0.013939910737143428,0.0115325274152441,0.016761394521337684,2004-02-14 01:52:39,124.5,0
0.07853328688166249,0.3657408298668159,0.659,0.07850798225341203,0.061620410156250006,0.01098970008020006,0.014983516420473712,0.016269320486136444,2004-02-14 02:02:39,124.33333333333333,0
0.07740059716440338,0.5067487920331142,0.878,0.07738626662201734,0.06088505859375,0.01793620170493823,0.013940557495549432,0.016446255258981836,2004-02-14 02:12:39,124.16666666666667,0
0.0770826017349854,0.44487214350261395,0.8300000000000001,0.07705413826998973,0.06074467773437501,0.014683413867612894,0.01274325716096011,0.015776435774689988,2004-02-14 02:22:39,124.0,0
0.0778543530765541,0.3960420248653498,0.749,0.0778242708058665,0.06134833984375,0.01586087312969902,0.01578946730551532,0.017780097498084756,2004-02-14 02:32:39,123.83333333333333,0
0.07619507050676735,0.3715853892446086,0.742,0.0761645793330435,0.06020771484375,0.013680856935548644,0.012723402212240494,0.018867012016868873,2004-02-14 02:42:39,123.66666666666667,0
0.07689889872423401,0.30786285138891945,0.796,0.0768690770353883,0.0608783203125,0.015957433921633707,0.012870123341423994,0.020102310618834204,2004-02-14 02:52:39,123.5,0
0.07566271754418999,0.48857699867051796,0.755,0.07562072541757292,0.059485205078125006,0.014935425331913941,0.01445787359420749,0.0161423598543318,2004-02-14 03:02:39,123.33333333333333,0
0.07709097519834116,0.4749311688266502,0.779,0.0770758804201095,0.060624511718749996,0.014742043637282763,0.01656831878181073,0.013279774249796341,2004-02-14 03:12:39,123.16666666666667,0
0.07812214182271728,0.46593600643544475,0.823,0.07810519464754627,0.06126865234375001,0.012382814798823086,0.011064207903712915,0.012371214746770907,2004-02-14 03:22:39,123.0,0
0.07616692644182087,0.5532977545704716,0.774,0.07614653613777954,0.05971533203125,0.014275199515243005,0.011641781523241603,0.012407797211546289,2004-02-14 03:32:39,122.83333333333333,0
0.07731350987113281,0.4829366012718257,0.755,0.07729347099574023,0.0607826171875,0.01334102559168249,0.014355116225022769,0.01607308562324059,2004-02-14 03:42:39,122.66666666666667,0
0.07587677323658983,0.28023341130350854,0.767,0.07585974810540545,0.060064697265625,0.012748927743282339,0.013122665088994578,0.015917809494247284,2004-02-14 03:52:39,122.5,0
0.0762042431228201,0.32408027610398715,0.71,0.07618124575959567,0.060131884765625,0.016321669088131686,0.013473554465168614,0.014572760132235619,2004-02-14 04:02:39,122.33333333333333,0
0.07576237683798354,0.3522032985617014,0.659,0.07573095783938526,0.05983247070312501,0.018684847504485534,0.013305120830904378,0.019962810334889256,2004-02-14 04:12:39,122.16666666666667,0
0.07609244608739095,0.40227227602443616,0.76,0.07606733812948373,0.059942089843750004,0.011840093324544018,0.01185023716372117,0.01149009043771667,2004-02-14 04:22:39,122.0,0
0.0786182224572888,0.4401534113896046,0.754,0.07858706183877948,0.0617685546875,0.012328669881076353,0.019809125313649062,0.02480164838090627,2004-02-14 04:32:39,121.83333333333333,0
0.0765472363611597,0.3079332567707227,0.764,0.0765144536641916,0.06061796875000001,0.015748222047857866,0.012537553685201491,0.01546010666996166,2004-02-14 04:42:39,121.66666666666667,0
0.07655005415423052,0.42795827902219186,0.782,0.07652201468840958,0.060332958984375,0.02076510435253285,0.012448056468239729,0.018685985004448118,2004-02-14 04:52:39,121.5,0
0.07695157390568759,0.4725790630573612,0.7809999999999999,0.07693216036150163,0.06055107421875,0.014709806126159476,0.011919131543651136,0.015839834423741875,2004-02-14 05:02:39,121.33333333333333,0
0.07666247331291318,0.42964008909628637,0.762,0.07663639959969533,0.06046616210937501,0.018708522610365274,0.01648622914611191,0.020555325037231884,2004-02-14 05:12:39,121.16666666666667,0
0.07718117604407745,0.3577066220930418,0.771,0.07716882335360903,0.06080327148437501,0.014815186792042398,0.01385247234820671,0.014694658100681391,2004-02-14 05:22:39,121.0,0
0.0754853262075236,0.38070849140000407,0.757,0.07546582072819967,0.05950224609375,0.017163379818017754,0.014220502130691641,0.012184679023777536,2004-02-14 05:32:39,120.83333333333333,0
0.07848934759282226,0.41661626634022353,0.708,0.0784624556589328,0.061728955078125,0.02024447735134528,0.01833389391692052,0.01672666746645098,2004-02-14 05:42:39,120.66666666666667,0
0.07744872989093333,0.4385933683574863,0.8109999999999999,0.07743160658657343,0.06114384765625001,0.021361997112027777,0.012515767200772404,0.017169937925232033,2004-02-14 05:52:39,120.5,0
0.0774396340631083,0.4185519668093822,0.81,0.07741707682889115,0.061066650390625,0.019879509389096366,0.015825720799056753,0.016331475039528594,2004-02-14 06:02:39,120.33333333333333,0
0.0772467994002219,0.31114394478169727,0.7829999999999999,0.07722561830806902,0.061123876953125,0.01762708875935144,0.015085096621232889,0.01802420324888679,2004-02-14 06:12:39,120.16666666666667,0
0.07564605885770338,0.3058228117451236,0.732,0.07561313234411028,0.05973530273437501,0.015792359608556537,0.019314904025039922,0.013565065255602062,2004-02-14 06:22:39,120.0,0
0.07614973556462622,0.4672629564264841,0.737,0.0761174251271019,0.05989277343750001,0.013342674379739326,0.015022373079520018,0.015757506780606063,2004-02-14 06:32:39,119.83333333333333,0
0.07858716579030653,0.3619030465849482,0.872,0.07854463601399202,0.06193354492187501,0.01605116476112476,0.015705654551039998,0.012673989486415837,2004-02-14 06:42:39,119.66666666666667,0
0.07790162973915003,0.3909314935435906,0.703,0.07787101639637431,0.06150473632812501,0.013323763175785229,0.014519609886807566,0.0224539851946183,2004-02-14 06:52:39,119.5,0
0.0777059461206155,0.41823592485648264,0.784,0.07767480236110584,0.061249609375,0.01507410256816202,0.017435062480848824,0.014091089758484259,2004-02-14 07:02:39,119.33333333333333,0
0.07785898335492507,0.3000282780425323,0.7789999999999999,0.077842216883646,0.06162392578125,0.013386842938158337,0.014688714144379349,0.015983085942769364,2004-02-14 07:12:39,119.16666666666667,0
0.07571334102894697,0.31794055471416094,0.7030000000000001,0.07569174249187224,0.05983286132812501,0.011794156063195409,0.0184907254861913,0.013142389386915653,2004-02-14 07:22:39,119.0,0
0.07639177457459835,0.48723480419205245,0.8180000000000001,0.07636667246369643,0.06017080078125,0.017149848362709108,0.013100523446948313,0.013506509248633806,2004-02-14 07:32:39,118.83333333333333,0
0.07736211145685269,0.4055965335607965,0.838,0.07734669556984736,0.06106171875000001,0.013642021795310502,0.013452522995867792,0.016332682464149338,2004-02-14 07:42:39,118.66666666666667,0
0.07842339670271,0.493912732663524,0.73,0.07839245707829429,0.06151791992187501,0.01716068649669906,0.013870816973920215,0.017153906117287454,2004-02-14 07:52:39,118.5,0
0.07628107301034363,0.42549906604279686,0.8180000000000001,0.07626764924815639,0.060233154296875,0.016489883034401277,0.017046787847363763,0.018275067341718906,2004-02-14 08:02:39,118.33333333333333,0
0.0782240275511823,0.42567557061100914,0.696,0.07819403477352323,0.061496826171875005,0.01237634427571552,0.012239246132463693,0.013078213901345774,2004-02-14 08:12:39,118.16666666666667,0
0.07825938535718496,0.5414801897390773,0.874,0.07823877984354832,0.06152788085937501,0.012986749222430222,0.014565316145646625,0.017256450953055967,2004-02-14 08:22:39,118.0,0
0.07883279811470445,0.4927782633537525,0.833,0.07881855954622202,0.06209296875000001,0.013919021940242044,0.019141775695443015,0.015560819344403828,2004-02-14 08:32:39,117.83333333333333,0
0.07697529154093864,0.5022014682620912,0.817,0.07694264287393016,0.06052500000000001,0.011926698346962642,0.014686406673932985,0.014729014363196706,2004-02-14 08:42:39,117.66666666666667,0
0.07868750124106433,0.4959098392198915,0.808,0.07867075856627527,0.06178310546875001,0.018414171663904636,0.010140988809138976,0.015069274232095047,2004-02-14 08:52:39,117.5,0
0.07629050409864258,0.39191650083163854,0.794,0.07626238379295311,0.060192285156250004,0.017323553070386532,0.013004647466736026,0.0180327135530337,2004-02-14 09:02:39,117.33333333333333,0
0.07758280543534599,0.3520044181428412,0.679,0.07756598740200223,0.06121875,0.01349947212082973,0.009432766782675303,0.01338228472187069,2004-02-14 09:12:39,117.16666666666667,0
0.07689642263755268,0.29833152735688184,0.717,0.07687960697280954,0.060750732421874995,0.012609085181507206,0.011720522754335123,0.015237361391138467,2004-02-14 09:22:39,117.0,0
0.07679911555734627,0.3965346865048698,0.6759999999999999,0.07677815238829179,0.060481689453125,0.01623696883845529,0.011117871936795195,0.012116421057902628,2004-02-14 09:32:39,116.83333333333333,0
0.07762733365050933,0.4399671452945828,0.8160000000000001,0.07759947316682808,0.061139648437500006,0.017220540257222278,0.01924461724881711,0.016393930854538517,2004-02-14 09:42:39,116.66666666666667,0
0.07806387515051777,0.406258901430252,0.681,0.07804401241992168,0.061593603515625005,0.01355632024135459,0.013462556733269945,0.01501013474318807,2004-02-14 09:52:39,116.5,0
0.0761460433763633,0.38873752587530497,0.7030000000000001,0.07613279240530736,0.05991953125000001,0.014788465696050987,0.014714596286615618,0.01608157900418056,2004-02-14 10:02:39,116.33333333333333,0
0.07774952930173035,0.5671314978699091,0.781,0.07773737078082577,0.060994091796875004,0.018800275199134544,0.0139554717698448,0.016159720705076194,2004-02-14 10:12:39,116.16666666666667,0
0.07605541128636083,0.41823121167138266,0.727,0.07603163093844624,0.059913867187500004,0.01583797511515628,0.01528252365335746,0.02082758952261251,2004-02-14 10:22:39,116.0,0
0.07691889784508826,0.35005466615288583,0.7,0.07687708767655159,0.060801806640625,0.015825642698761678,0.011222099086994218,0.014055946912723178,2004-02-14 10:32:39,115.83333333333333,0
0.07625929630830264,0.38256504562771987,0.749,0.07623180554825466,0.06012373046874999,0.01278657965352905,0.01294741695229867,0.014858639319442988,2004-02-14 10:42:39,115.66666666666667,0
0.07750343899879944,0.578670837534851,0.755,0.07748024070667338,0.060857861328125,0.019674064029273616,0.014136532598495411,0.018230583786238503,2004-02-14 10:52:39,115.5,0
0.0768942052356881,0.5475039274616553,0.7689999999999999,0.0768780283801128,0.06017465820312501,0.015063876753851312,0.013945950701645206,0.02088230458695755,2004-02-14 11:02:39,115.33333333333333,0
0.07765448690151458,0.3315538932596085,0.7230000000000001,0.07761809988513667,0.0613154296875,0.016067206435652535,0.013467046917252238,0.014117997003854446,2004-02-14 11:12:39,115.16666666666667,0
0.07698864186724233,0.428631972236301,0.835,0.07696297335359087,0.060545800781250006,0.014424759490329295,0.015990703595352186,0.017240293158080403,2004-02-14 11:22:39,115.0,0
0.07813684441464298,0.557651008707555,0.827,0.07811699363331163,0.061403076171875,0.01164047133784213,0.015032137947534064,0.014375064675624773,2004-02-14 11:32:39,114.83333333333333,0
0.07653528310881769,0.44672180370138115,0.7689999999999999,0.07651611202208854,0.06031049804687501,0.014077718340859673,0.010228230717227338,0.014686325790579609,2004-02-14 11:42:39,114.66666666666667,0
0.07844825685702805,0.47534379278141836,0.754,0.07841127565900609,0.06175947265625,0.013647700055257428,0.015501652649829493,0.017589942034907574,2004-02-14 11:52:39,114.5,0
0.07781413088150346,0.5195889213990075,0.8160000000000001,0.07777931005189796,0.06099384765625,0.013126682717926705,0.012129795709895268,0.01233153132745699,2004-02-14 12:02:39,114.33333333333333,0
0.07730263111527155,0.39729405406836893,0.6990000000000001,0.0772861356750234,0.060786523437500004,0.0189106214680907,0.013641399925462993,0.015140944279629984,2004-02-14 12:12:39,114.16666666666667,0
0.0781221315098393,0.448544892194195,0.765,0.07810925747846724,0.06141411132812501,0.02099867563808668,0.012106162334072896,0.01462125170164165,2004-02-14 12:22:39,114.0,0
0.07923294929450911,0.3593675923879638,0.776,0.07920803258770218,0.062448535156250005,0.02046954499958847,0.0132658387000332,0.014969894208520865,2004-02-14 12:32:39,113.83333333333333,0
0.07538111630449963,0.5006118788530403,0.825,0.07536018552169875,0.059459277343750006,0.010974493044786818,0.016232536818796342,0.01416990392249794,2004-02-14 12:42:39,113.66666666666667,0
0.07695273730866807,0.3562925283869931,0.708,0.07694237300236206,0.060735205078125,0.014953932190748243,0.015048044177479868,0.02017422177975331,2004-02-14 12:52:39,113.5,0
0.07620697076106703,0.5244036278971915,0.823,0.07618175124586309,0.059924365234375,0.018356929447232807,0.012781764453429894,0.01753064902132717,2004-02-14 13:02:39,113.33333333333333,0
0.07855317354645036,0.3622455748857756,0.705,0.07852223161525393,0.06184033203125,0.01646730469919213,0.011790226173095211,0.01631892689798649,2004-02-14 13:12:39,113.16666666666667,0
0.07703774503551003,0.39851325898906564,0.749,0.07701287333790059,0.06068583984375,0.014996931015042013,0.014134134589265398,0.016499662777376696,2004-02-14 13:22:39,113.0,0
0.07783553311209315,0.43239635511114916,0.742,0.0777947344024668,0.06126445312499999,0.0170836452048324,0.01566889959883403,0.011349335411717223,2004-02-14 13:32:39,112.83333333333333,0
0.07702249886903988,0.41239993751139226,0.749,0.076996360363586,0.06081533203125,0.01816884246717566,0.014001673798983599,0.013784063010059114,2004-02-14 13:42:39,112.66666666666667,0
0.07605641216906862,0.42128671372937987,0.747,0.07603351053492233,0.05999589843750001,0.014919227463426067,0.014323558655942288,0.015899235588672605,2004-02-14 13:52:39,112.5,0
0.07764319967053215,0.4181590954797674,0.7030000000000001,0.07761152632757344,0.06110375976562501,0.017843060925940752,0.017380651862690135,0.016447464425729322,2004-02-14 14:02:39,112.33333333333333,0
0.07824552016429598,0.4630209848042752,0.794,0.07823235565931684,0.061575390625000004,0.015102764610017895,0.01348937348343386,0.017356198022703023,2004-02-14 14:12:39,112.16666666666667,0
0.07848323274601796,0.3667609337088593,0.7909999999999999,0.07846343012353105,0.06203159179687501,0.012416973224215856,0.016326181587055823,0.018977336472299593,2004-02-14 14:22:39,112.0,0
0.07779132524390572,0.2957221609552825,0.732,0.07776679646355235,0.061577099609375005,0.01558807716782597,0.012497539421822388,0.013377379202845246,2004-02-14 14:32:39,111.83333333333333,0
0.07653336531121165,0.35564254825843733,0.7030000000000001,0.07650616999469977,0.060446923828125,0.014799645724378327,0.013967769506910305,0.012159187851210762,2004-02-14 14:42:39,111.66666666666667,0
0.07771954820910969,0.43835261370562284,0.7929999999999999,0.07768720809548703,0.061389013671875006,0.017709979110628802,0.0161910701905353,0.02222765794683391,2004-02-14 14:52:39,111.5,0
0.07693467481866109,0.4166321940123363,0.696,0.07691784505126578,0.060815283203125,0.015321827472002886,0.01317622116631979,0.014811152090247911,2004-02-14 15:02:39,111.33333333333333,0
0.07840756556538804,0.443621898088431,0.808,0.07839013968553384,0.061808251953125004,0.015982098224202067,0.014416320333773968,0.012251312455291713,2004-02-14 15:12:39,111.16666666666667,0
0.0763741992465183,0.3840021456979055,0.715,0.07633647011622328,0.06015454101562499,0.021157375862856317,0.01209507984870534,0.012127532057215507,2004-02-14 15:22:39,111.0,0
0.07685433411249491,0.3605663482440611,0.767,0.07683881242635635,0.06073818359375001,0.016988073642471287,0.013520010433920579,0.010775999721819758,2004-02-14 15:32:39,110.83333333333333,0
0.07689268883127397,0.47980337816946195,0.737,0.07685214338209696,0.060311572265625,0.016845909918357608,0.01885982144364256,0.011992521699399517,2004-02-14 15:42:39,110.66666666666667,0
0.07817967180785793,0.42258325685676645,0.759,0.07815712687331831,0.061462353515625,0.017885388675960793,0.012681557626860697,0.018916559169063946,2004-02-14 15:52:39,110.5,0
0.07825966082036613,0.47225568701345244,0.7709999999999999,0.0782394068899253,0.061589453125000006,0.017018547440071113,0.016432051875325954,0.015792548722610017,2004-02-14 16:02:39,110.33333333333333,0
0.07600318789572251,0.30475354778604347,0.774,0.07595500572941342,0.0601255859375,0.019760946450763896,0.014298399049922061,0.014840067716632257,2004-02-14 16:12:39,110.16666666666667,0
0.0775694166814272,0.2725731746828779,0.735,0.07754249215087042,0.061396142578125,0.01302391536041354,0.015266771387893802,0.017264001136078698,2004-02-14 16:22:39,110.0,0
0.07732922906617362,0.22616477684590564,0.761,0.07731367956811282,0.06144804687500001,0.017805341160364363,0.012669182468280414,0.01666024145259782,2004-02-14 16:32:39,109.83333333333333,0
0.07651370160437361,0.4728411175208369,0.777,0.07650491219623855,0.060296923828125,0.014200101209612306,0.011636341620664674,0.011376782676440739,2004-02-14 16:42:39,109.66666666666667,0
0.07876241407609184,0.6556848824867467,0.888,0.07872387918744708,0.061688085937500005,0.018329793493298625,0.013203613656396575,0.014542826495193582,2004-02-14 16:52:39,109.5,0
0.07563445673052643,0.29439372302715405,0.742,0.07562268242617169,0.059888525390625,0.019339160255609382,0.012447154956176881,0.01247494518753631,2004-02-14 17:02:39,109.33333333333333,0
0.07764984159926294,0.3092722728339976,0.701,0.07763246535492412,0.061401806640625,0.016797470433315833,0.011247830945533688,0.015202801887971617,2004-02-14 17:12:39,109.16666666666667,0
0.07831222347566902,0.4210988725131979,0.796,0.07829359630142696,0.061594482421875,0.014695400997698763,0.013568430702469724,0.015514142789688516,2004-02-14 17:22:39,109.0,0
0.077487861007487,0.4265121310360871,0.783,0.07746422337313492,0.061064697265625,0.018219338523744633,0.015146155680671541,0.01366251758922041,2004-02-14 17:32:39,108.83333333333333,0
0.0766385636190668,0.41465661243846297,0.755,0.07661337986162496,0.060347949218749995,0.01342581081152857,0.014939036287212175,0.014847064561410358,2004-02-14 17:42:39,108.66666666666667,0
0.07512177873709461,0.4326371907616968,0.74,0.07509976364459194,0.059197363281250005,0.016503357861352184,0.020949712752553244,0.017747384747591563,2004-02-14 17:52:39,108.5,0
0.0750074140215694,0.2644521654985552,0.703,0.07497681350459298,0.059457177734375,0.013120783451444781,0.011759257422019257,0.01340181102595475,2004-02-14 18:02:39,108.33333333333333,0
0.07638231571703541,0.33318272408352234,0.713,0.0763621415047716,0.060333544921875,0.013765771488046601,0.012740721424611561,0.022798473331729935,2004-02-14 18:12:39,108.16666666666667,0
0.07788027921511965,0.3788137535238545,0.718,0.0778484444935067,0.061313574218750014,0.013199670267598093,0.011692473597558341,0.017079716698683845,2004-02-14 18:22:39,108.0,0
0.07527439096762507,0.43853677755408293,0.794,0.07525292848292316,0.05925786132812501,0.01339376000497179,0.012192616968691623,0.012887633636811276,2004-02-14 18:32:39,107.83333333333333,0
0.07918299858950152,0.4136538434102208,0.752,0.07915147318116678,0.062381933593749994,0.015135142818738092,0.014879149434100809,0.00994950910706855,2004-02-14 18:42:39,107.66666666666667,0
0.07800711324486297,0.34852641268221785,0.74,0.07800105820352181,0.061403173828125004,0.01606321416138733,0.01643933986383493,0.012650422773582198,2004-02-14 18:52:39,107.5,0
0.07825582203031686,0.32160545653772665,0.73,0.0782297576242485,0.061934033203125,0.01702793777813274,0.009271220732410233,0.014686205165334445,2004-02-14 19:02:39,107.33333333333333,0
0.07756201211067341,0.5706159606318351,0.796,0.07754587012035527,0.06097177734375,0.015297552259774975,0.014081803268855282,0.013634946977018753,2004-02-14 19:12:39,107.16666666666667,0
0.07689549618790671,0.3636471857457333,0.73,0.07687381427959207,0.060819287109374995,0.013985493343303967,0.01543020748532425,0.01365697382867198,2004-02-14 19:22:39,107.0,0
0.07675198204637373,0.37779015153257856,0.786,0.07673297177188527,0.060480517578125004,0.01113213038181303,0.012984385195292141,0.01162957417215335,2004-02-14 19:32:39,106.83333333333333,0
0.07706073123730481,0.33803601133242855,0.73,0.07703683378953455,0.060902587890625005,0.017387005029039077,0.011365359475108801,0.011924632573957471,2004-02-14 19:42:39,106.66666666666667,0
0.07648439894024141,0.40407474736139726,0.723,0.07645715623248507,0.060321875000000004,0.013531568398646688,0.015534491688139477,0.01310444015716744,2004-02-14 19:52:39,106.5,0
0.07804829515724943,0.49591571391995304,0.8400000000000001,0.07802320488327184,0.061469580078124995,0.02415288060936021,0.012646561995427701,0.019612336142511573,2004-02-14 20:02:39,106.33333333333333,0
0.07650581224090511,0.3218054539963755,0.6890000000000001,0.07647613594591682,0.060384716796875,0.01607176822017691,0.014450251549503185,0.01259213413600797,2004-02-14 20:12:39,106.16666666666667,0
0.07870505320746964,0.5523063007815678,0.883,0.0786808722778091,0.061996240234375,0.018926148886885593,0.01640506420633571,0.015377468244048656,2004-02-14 20:22:39,106.0,0
0.07722064160724369,0.42288921754612163,0.764,0.07719535987180028,0.060782568359375,0.013202816409057527,0.014576342146354967,0.015174401896496301,2004-02-14 20:32:39,105.83333333333333,0
0.07668115900587559,0.30652271376736273,0.788,0.07665643399961015,0.060760888671875,0.01527028869659791,0.012312967185326991,0.017108747284694942,2004-02-14 20:42:39,105.66666666666667,0
0.07560518496862914,0.39017824369980847,0.742,0.07556877706675667,0.05958745117187501,0.015595499909032532,0.014888724486394568,0.013999235618225962,2004-02-14 20:52:39,105.5,0
0.07643147398057787,0.27445500289814184,0.718,0.07640429061505413,0.060476074218749995,0.01559765205370094,0.012239924599155157,0.015689903777526455,2004-02-14 21:02:39,105.33333333333333,0
0.07738588467210526,0.46908733430616234,0.708,0.07734805877568478,0.06076538085937501,0.023485398582739923,0.011834690330527356,0.012804763735112273,2004-02-14 21:12:39,105.16666666666667,0
0.07673222832214147,0.4154477471463238,0.891,0.07671429012964165,0.060550976562500004,0.017154348826720442,0.014673051219057825,0.012570176295101723,2004-02-14 21:22:39,105.0,0
0.07787403565815439,0.5214116613467272,0.81,0.07785117202077461,0.06115634765625,0.015585044674387094,0.013054528702396807,0.02223732353033577,2004-02-14 21:32:39,104.83333333333333,0
0.07610197914948566,0.46847167357856767,0.8300000000000001,0.07609349942401462,0.05999667968750001,0.014263199312816006,0.014894152798977975,0.013850843572858686,2004-02-14 21:42:39,104.66666666666667,0
0.07844877284532563,0.3928594856234131,0.76,0.0784287645702927,0.06182353515625001,0.016290983724371155,0.014471989798722374,0.019267173322887913,2004-02-14 21:52:39,104.5,0
0.07838618964181446,0.4706751907640392,0.732,0.07837120333241189,0.061579003906250006,0.01646757336135026,0.017912271727199926,0.014697276714469128,2004-02-14 22:02:39,104.33333333333333,0
0.07640125207324402,0.41596462664847067,0.75,0.07638111651411816,0.060126806640624995,0.01507191307738519,0.014755949748461873,0.01192324203806127,2004-02-14 22:12:39,104.16666666666667,0
0.07758806582835001,0.4165024052773898,0.7250000000000001,0.07755393472743673,0.06092690429687501,0.017801836421306613,0.011792904144072691,0.016222355577430302,2004-02-14 22:22:39,104.0,0
0.07630787730419367,0.26009387823043717,0.749,0.07628622661353195,0.060426611328125004,0.01562066434711377,0.019503108332713112,0.02001511435552186,2004-02-14 22:32:39,103.83333333333333,0
0.07535862403731158,0.461004717182401,0.744,0.07533387721343443,0.059454638671875004,0.018520563566468088,0.009879538277873046,0.01687547314635586,2004-02-14 22:42:39,103.66666666666667,0
0.0768473247948489,0.2968608432901694,0.6930000000000001,0.07681343412124615,0.06060605468750001,0.019989974685926008,0.012895169073649626,0.017369585665005325,2004-02-14 22:52:39,103.5,0
0.07787287473273749,0.40098788360551607,0.715,0.07785398787240524,0.061344287109375006,0.016189316058637427,0.01434242084776091,0.013179473928966604,2004-02-14 23:02:39,103.33333333333333,0
0.07755523957507239,0.41221604309544224,0.862,0.0775262621555561,0.061218017578125006,0.021964052718969018,0.016535704496442337,0.013918411927808658,2004-02-14 23:12:39,103.16666666666667,0
0.07666440030051432,0.4053685304682375,0.75,0.0766363670204398,0.06043359375,0.010613612416053724,0.012051993106528141,0.01136300195011398,2004-02-14 23:22:39,103.0,0
0.07756505271282776,0.5946000815673784,0.857,0.07752790160446214,0.060959863281250005,0.010686842658038865,0.012771878348209099,0.017470542519588943,2004-02-14 23:32:39,102.83333333333333,0
0.07749496549927856,0.39148549933879906,0.7230000000000001,0.07746586924757591,0.061008349609375,0.017194538947397534,0.02003618627438382,0.014223648654400517,2004-02-14 23:42:39,102.66666666666667,0
0.07696251021449095,0.47239542892720543,0.7909999999999999,0.07694450865242865,0.060600146484375006,0.016319222821599668,0.01533813176996462,0.011490351658668907,2004-02-14 23:52:39,102.5,0
0.0782745225402637,0.3737900249947894,0.717,0.07824615573099226,0.06161357421875,0.014932234148903283,0.012519459764237772,0.014102877640546902,2004-02-15 00:02:39,102.33333333333333,0
0.07576478107129493,0.3940672866863215,0.745,0.07573919520095079,0.059737695312500005,0.02307250749747879,0.014332385800504817,0.012707653803147671,2004-02-15 00:12:39,102.16666666666667,0
0.0749523728985614,0.30394131825262827,0.6910000000000001,0.07493482740432615,0.059270117187500006,0.01823927214305538,0.011564471380674134,0.00994343609643993,2004-02-15 00:22:39,102.0,0
0.07601210519857182,0.5930690073729359,0.862,0.07598874676957491,0.05980400390625,0.010653508208676965,0.012031794040029197,0.017022857456062506,2004-02-15 00:32:39,101.83333333333333,0
0.07784616647443614,0.46956469977809734,0.837,0.07783000887917607,0.06127036132812501,0.015792090543866006,0.012358145268249797,0.01873274524864534,2004-02-15 00:42:39,101.66666666666667,0
0.07777190268764324,0.32028142436527496,0.718,0.07774252606442103,0.06143388671875001,0.018886307468443587,0.013045704946325004,0.015643616749295312,2004-02-15 00:52:39,101.5,0
0.0760942646286499,0.42362975301196704,0.774,0.07607377332562755,0.060029296875000006,0.018072312556178527,0.013651162936693918,0.01070162664220691,2004-02-15 01:02:39,101.33333333333333,0
0.07791981712241516,0.36999282250148813,0.728,0.07789516199424248,0.06137993164062501,0.012889086608793041,0.014846131344740393,0.013460189092373911,2004-02-15 01:12:39,101.16666666666667,0
0.07685402406917285,0.3822519713278649,0.788,0.07684182412407498,0.0608064453125,0.01991325382288035,0.015446722001458002,0.014964976278803645,2004-02-15 01:22:39,101.0,0
0.07674329768933816,0.3650705670501462,0.698,0.07672148901858732,0.06047377929687501,0.014020446370368249,0.010183625358521211,0.011992021712716532,2004-02-15 01:32:39,100.83333333333333,0
0.07582986649298382,0.33279619596077303,0.716,0.07580981683692348,0.059937695312500004,0.009797019316155325,0.012655025520044303,0.01367611387954768,2004-02-15 01:42:39,100.66666666666667,0
0.0784444861181699,0.5651712684885806,0.869,0.07843447478830728,0.061775292968750006,0.01194250737995724,0.013248612793660002,0.015031166702486566,2004-02-15 01:52:39,100.5,0
0.07731954482353573,0.2590036209997506,0.725,0.07728906543416653,0.06113681640625,0.017988339784953095,0.013367339106649731,0.013016944733354685,2004-02-15 02:02:39,100.33333333333333,0
0.07740247581129915,0.31713171975056564,0.698,0.07736674024999435,0.06111855468750001,0.016296426675368653,0.01318871276348553,0.012744204789123305,2004-02-15 02:12:39,100.16666666666667,0
0.07701573119540255,0.31166883602236073,0.742,0.076993353364847,0.060760546875,0.013767928151706228,0.013128869490279674,0.013348151262007649,2004-02-15 02:22:39,100.0,0
0.07521198946560981,0.3653013909347531,0.662,0.07519694246755879,0.059349609375,0.014104583150546518,0.016431073370889684,0.018335247057624644,2004-02-15 02:32:39,99.83333333333333,0
0.07688848490722212,0.40517480446467946,0.764,0.0768513764208974,0.060456201171875,0.018966015326706595,0.014938601305538195,0.017198667212339647,2004-02-15 02:42:39,99.66666666666667,0
0.07637173140254105,0.4453044692051793,0.764,0.07632668791276483,0.060123291015625004,0.012314267182272935,0.01356315502343373,0.01411784742698321,2004-02-15 02:52:39,99.5,0
0.07586469664650104,0.36541844529847767,0.747,0.07583678928931607,0.059873291015624996,0.017001873592968564,0.009454561932849895,0.01399441201137801,2004-02-15 03:02:39,99.33333333333333,0
0.075098837218445,0.3684184111887925,0.76,0.07508954347002032,0.059211523437500004,0.01798268151473382,0.012647396387316729,0.013413138253656457,2004-02-15 03:12:39,99.16666666666667,0
0.07799511327841316,0.42357757109659344,0.847,0.07797442105718311,0.06146669921875,0.018141316588727713,0.012761093686910144,0.014308360295440551,2004-02-15 03:22:39,99.0,0
0.07796534561705926,0.26829688207356517,0.698,0.07794851689857768,0.061616796875000004,0.007901705665286425,0.013173238812277941,0.01836046728655218,2004-02-15 03:32:39,98.83333333333333,0
0.07798807594904733,0.4846290596340994,0.791,0.07795797068379691,0.061251416015625004,0.013746090500494133,0.013119132045990925,0.018994437776257343,2004-02-15 03:42:39,98.66666666666667,0
0.07783362414069513,0.3374845334579226,0.708,0.07780539202692423,0.06140732421875,0.013712817373358529,0.012286207463559965,0.01512575720681204,2004-02-15 03:52:39,98.5,0
0.0789731544947989,0.3615133407497475,0.7569999999999999,0.07894798468926638,0.06224790039062501,0.015772743206580467,0.011273546571738098,0.016824070518859525,2004-02-15 04:02:39,98.33333333333333,0
0.07863142766105437,0.430301233444466,0.8029999999999999,0.07861573341707276,0.061873583984375,0.013528827114460802,0.009205645930479563,0.012192825050144693,2004-02-15 04:12:39,98.16666666666667,0
0.0772709316302062,0.4387061364014597,0.789,0.07724088423093915,0.060894628906250005,0.014096312161772635,0.013895274918130977,0.01239635692903796,2004-02-15 04:22:39,98.0,0
0.076864965363881,0.30815215913801364,0.759,0.07684139323661317,0.060629443359375014,0.017937481113133796,0.014331095068604848,0.015833171134771555,2004-02-15 04:32:39,97.83333333333333,0
0.07859432684927471,0.5279449002761032,0.813,0.07857582593853027,0.061670654296875,0.019527411319586442,0.01995778165828835,0.015998347991319186,2004-02-15 04:42:39,97.66666666666667,0
0.07406587578013323,0.16119785789433516,0.615,0.07403929221890163,0.058806298828125006,0.018278472615814736,0.010701731861672904,0.017761814787864778,2004-02-15 04:52:39,97.5,0
0.07718297304538742,0.3364099110138765,0.698,0.07716845280685904,0.060977246093750014,0.014306978993594718,0.017105930712494596,0.012699661734231097,2004-02-15 05:02:39,97.33333333333333,0
0.0776099066319621,0.5834978516835538,0.84,0.0775906284267439,0.06090004882812501,0.019651092204028355,0.013659742411915393,0.017011549641619616,2004-02-15 05:12:39,97.16666666666667,0
0.07535483865674701,0.3877309336528514,0.766,0.07533174187904662,0.059427587890625,0.01638520110889308,0.014584053069208812,0.01553586454241099,2004-02-15 05:22:39,97.0,0
0.07658680736589037,0.32989257036300224,0.738,0.07655518025835775,0.06044697265625,0.018506243689398086,0.01416913804138416,0.013600863015397799,2004-02-15 05:32:39,96.83333333333333,0
0.0740066815633266,0.3469538374369976,0.659,0.07397529265166018,0.05829340820312501,0.015066960162648581,0.017077183565459373,0.01571660674655098,2004-02-15 05:42:39,96.66666666666667,0
0.07723644861165371,0.41250005242830223,0.72,0.07722067285270202,0.060828369140625005,0.015361944438552544,0.01817879936646798,0.0128576424542121,2004-02-15 05:52:39,96.5,0
0.07638222845805659,0.22307521623433146,0.6910000000000001,0.07635722828457163,0.0604595703125,0.011764553182210587,0.016456304407496597,0.010280883810810557,2004-02-15 06:02:39,96.33333333333333,0
0.07657197230945129,0.36849365945530943,0.7030000000000001,0.0765308513325829,0.060357275390625,0.01726943014604491,0.015595259475954694,0.016409358269131175,2004-02-15 06:12:39,96.16666666666667,0
0.07622631580171722,0.3143904734025833,0.664,0.0762048533852515,0.060023583984375004,0.013443335859211923,0.012005857366584294,0.01638658194318911,2004-02-15 06:22:39,96.0,0
0.07611128423493212,0.23899430604498706,0.6859999999999999,0.07609641988617473,0.060301708984375,0.014569242579866668,0.011194702707721407,0.013172152284118173,2004-02-15 06:32:39,95.83333333333333,0
0.07623503727422926,0.480661371395231,0.81,0.07620723124968687,0.059980029296875,0.016051017716707406,0.015039707571323379,0.013417732734249017,2004-02-15 06:42:39,95.66666666666667,0
0.07708552506033882,0.4060792639331723,0.75,0.07705428508089941,0.060738818359375,0.015525799101191166,0.014155769899557028,0.013451425566774524,2004-02-15 06:52:39,95.5,0
0.07748513088207633,0.6675135563822132,0.96,0.07745006227971006,0.06074658203125001,0.024025343632393812,0.01620733409323401,0.014936644540271268,2004-02-15 07:02:39,95.33333333333333,0
0.07610651811513502,0.3026273687092105,0.73,0.0760862482384238,0.060095361328125006,0.01541532960527358,0.013833310127350722,0.014017692900387619,2004-02-15 07:12:39,95.16666666666667,0
0.07635003555786664,0.44353551562110516,0.723,0.07632856509656741,0.06008349609375001,0.013638135462082515,0.012984405978577168,0.013390017066175604,2004-02-15 07:22:39,95.0,0
0.07706156097359759,0.36990778111782463,0.694,0.07703638582941937,0.060696484375000005,0.01680077701522834,0.0127977437210937,0.017524338986032267,2004-02-15 07:32:39,94.83333333333333,0
0.07699595762268546,0.39231652521915805,0.6990000000000001,0.07697260397835007,0.060730517578125,0.012254878407153108,0.016641719820482816,0.015369708141768109,2004-02-15 07:42:39,94.66666666666667,0
0.07728027098298197,0.48104909987493993,0.732,0.07726214303310824,0.060631787109375,0.015513203589323062,0.014146185069289198,0.017564984459286854,2004-02-15 07:52:39,94.5,0
0.07780435763121658,0.3739598147455996,0.786,0.07777919736232741,0.06134345703124999,0.01217091189551899,0.010329461848642339,0.017289867045975408,2004-02-15 08:02:39,94.33333333333333,0
0.0768502967803923,0.401726801446876,0.748,0.07681567092072565,0.060620068359375,0.016707006696021737,0.018781184275817042,0.013248637486291515,2004-02-15 08:12:39,94.16666666666667,0
0.07659630599315398,0.34295500664521006,0.781,0.07657646034595227,0.06035678710937501,0.013450367935697411,0.012528136873208412,0.012543280340671085,2004-02-15 08:22:39,94.0,0
0.07640399408735123,0.4212597497903068,0.8009999999999999,0.07638262897598554,0.060161425781250014,0.017099118737284966,0.012386137989930815,0.01388981800845521,2004-02-15 08:32:39,93.83333333333333,0
0.07807795239624708,0.3527318731298714,0.825,0.07804807668192677,0.061542626953125,0.017912954722810813,0.01055647768064638,0.02146211958136199,2004-02-15 08:42:39,93.66666666666667,0
0.07713057459340865,0.4004533999407194,0.8029999999999999,0.0771113601263777,0.06079077148437499,0.014848386932755806,0.01693111228007717,0.016157226464750946,2004-02-15 08:52:39,93.5,0
0.07667752265474381,0.37072650726192213,0.708,0.07663647909329074,0.06059833984375,0.013461242952680046,0.013692598663366598,0.0121135670290264,2004-02-15 09:02:39,93.33333333333333,0
0.07616845537195828,0.33831688073641164,0.747,0.07614852392452992,0.06027119140625,0.015094027034228219,0.013438833336557628,0.01796715013642532,2004-02-15 09:12:39,93.16666666666667,0
0.07769009071504872,0.44486369432946793,0.767,0.07767867576409083,0.06124570312500001,0.012811540388915165,0.01166288649554878,0.01225025151629238,2004-02-15 09:22:39,93.0,0
0.07704597666024651,0.42490880256085983,0.7809999999999999,0.07701900501068154,0.06065537109375,0.017721925535982588,0.011179851969791748,0.015425105719023658,2004-02-15 09:32:39,92.83333333333333,0
0.07618983570301963,0.2052565972925291,0.647,0.07616282811783646,0.060508740234375004,0.01997545277341355,0.008609113883783341,0.017087899384595682,2004-02-15 09:42:39,92.66666666666667,0
0.07626676749553996,0.4778026720653883,0.7889999999999999,0.07624888727470584,0.059880566406250016,0.01975989034849592,0.014389800965002832,0.012065466564032784,2004-02-15 09:52:39,92.5,0
0.07687972991038503,0.34476966670447773,0.725,0.07684533243437158,0.06068496093750001,0.015583795431828893,0.014010760607916182,0.014886240321436553,2004-02-15 10:02:39,92.33333333333333,0
0.07759393186144616,0.34207026748748737,0.796,0.07756700683459597,0.06126279296875,0.015145694726809046,0.01645214553620628,0.01374748668255232,2004-02-15 10:12:39,92.16666666666667,0
0.07751806461591308,0.4188898053045311,0.808,0.07748901181554627,0.06123774414062501,0.014242399657464048,0.013700613269753515,0.012030696153102892,2004-02-15 10:22:39,92.0,0
0.07726790157161802,0.3439554513037302,0.723,0.07725303166906437,0.06095781250000001,0.015817823806422313,0.011893907140376051,0.01667741508353218,2004-02-15 10:32:39,91.83333333333333,0
0.07629958876752713,0.29169506090190334,0.8049999999999999,0.07627937132019466,0.060306250000000006,0.016165101756090174,0.016524158965104015,0.015341833741811393,2004-02-15 10:42:39,91.66666666666667,0
0.07781444368807358,0.37696510211998957,0.754,0.07779223148189088,0.061288525390625,0.010886030262532327,0.016493434104977188,0.016049244715302995,2004-02-15 10:52:39,91.5,0
0.07798443416898176,0.27320522614592946,0.745,0.07795397769060194,0.061652734375000004,0.010454553508219758,0.012394332498490573,0.013963987238044748,2004-02-15 11:02:39,91.33333333333333,0
0.0771727857938762,0.4437375667087262,0.72,0.07716322017168606,0.060571484375000005,0.016443753712669578,0.011277249067965952,0.014587346462988997,2004-02-15 11:12:39,91.16666666666667,0
0.07657231665382977,0.49393211003419024,0.745,0.07655438857836835,0.060180712890625,0.014604678144457133,0.014275945609117414,0.013547382409078818,2004-02-15 11:22:39,91.0,0
0.07822583586312373,0.43913520167014886,0.744,0.07820447716114663,0.061555419921875,0.014531126583562268,0.014563460289877025,0.013313858481376596,2004-02-15 11:32:39,90.83333333333333,0
0.07821529157356316,0.2902422353125411,0.65,0.07819152477410357,0.06178876953125001,0.013659148058928287,0.013577057771364306,0.019260777828152387,2004-02-15 11:42:39,90.66666666666667,0
0.07738252216313529,0.5340084152162379,0.847,0.07736118369941933,0.060815478515625,0.01877415656541505,0.01597035374259588,0.011978312279930339,2004-02-15 11:52:39,90.5,0
0.0772641964605049,0.3624996254058366,0.776,0.07723264606791835,0.061248535156250006,0.01240120592663145,0.011843669877779987,0.013187776625749027,2004-02-15 12:02:39,90.33333333333333,0
0.07699383884898274,0.3988611782786484,0.796,0.0769740536449615,0.060543115234375014,0.012901241426558699,0.012906282669674113,0.016966727995427058,2004-02-15 12:12:39,90.16666666666667,0
0.07690982601651511,0.40485080808730656,0.7170000000000001,0.07687163975449084,0.060525244140625004,0.015202217308360886,0.015820475511842548,0.017957361568437077,2004-02-15 12:22:39,90.0,0
0.07732355197126632,0.4495954546467118,0.718,0.07729555176929596,0.060918115234375,0.01779557544788114,0.016828288712947864,0.015481556350106888,2004-02-15 12:32:39,89.83333333333333,0
0.07831285446098951,0.394201152763769,0.754,0.07827777029973873,0.061788037109375006,0.01886303322880447,0.013362304481788547,0.020426571762629384,2004-02-15 12:42:39,89.66666666666667,0
0.0783206512617362,0.31421566349752394,0.72,0.07830373487176039,0.06164970703125,0.01803996859154194,0.015500668824818403,0.017487797434770087,2004-02-15 12:52:39,89.5,0
0.07863466597728622,0.6572604465854917,0.927,0.07861787069276106,0.061665673828125,0.018065253126382668,0.013094434076078663,0.020627099334020467,2004-02-15 13:02:39,89.33333333333333,0
0.075895809993763,0.3330256146351802,0.755,0.07587631606402917,0.059931201171875004,0.015627799464515604,0.014557122354745643,0.013172796064448536,2004-02-15 13:12:39,89.16666666666667,0
0.07599208397044968,0.36340403858470127,0.718,0.07595099030425728,0.05995112304687501,0.01696030563795304,0.013745006289278938,0.01535565229462147,2004-02-15 13:22:39,89.0,0
0.07671332879267542,0.3936909783683742,0.743,0.07668765286093837,0.060586376953125,0.0137327768716107,0.019599068993501664,0.014802311016203886,2004-02-15 13:32:39,88.83333333333333,0
0.07887653617511595,0.3175617627232663,0.706,0.07886164969000829,0.062081689453125,0.01644204524010251,0.015081704283394854,0.021783995126649296,2004-02-15 13:42:39,88.66666666666667,0
0.07698641253392544,0.39641802488864597,0.788,0.07696505522607093,0.06075234375000001,0.012607515605429121,0.013476294885908444,0.016266183687631244,2004-02-15 13:52:39,88.5,0
0.07870018792911568,0.3991078554287082,0.798,0.07866917643476562,0.062052783203124996,0.015435420990028769,0.012658985850490398,0.012303949087576168,2004-02-15 14:02:39,88.33333333333333,0
0.07909664714666324,0.5852141431677973,0.781,0.07908917211595123,0.0621291015625,0.010436236036290566,0.01110713056856754,0.009878905027577524,2004-02-15 14:12:39,88.16666666666667,0
0.07852285259022529,0.39760976804017467,0.7989999999999999,0.07849802097328577,0.061879980468750005,0.0135834383113136,0.022004977326084266,0.01746154393074532,2004-02-15 14:22:39,88.0,0
0.07765788699230346,0.48944474763085477,0.769,0.07762642018342812,0.06116948242187501,0.015927496917239978,0.015500348273126734,0.014399007007469176,2004-02-15 14:32:39,87.83333333333333,0
0.07734418592048871,0.44644452253217937,0.845,0.07731893959023707,0.06083432617187501,0.017045915924298362,0.013397518269483743,0.014400543082782772,2004-02-15 14:42:39,87.66666666666667,0
0.07948663378941062,0.42601668736779663,0.9890000000000001,0.07945728773705513,0.062806591796875,0.012405854717042501,0.010881082983403557,0.011833747940692797,2004-02-15 14:52:39,87.5,0
0.07879434639260295,0.43978922336414206,0.8009999999999999,0.07876634936876864,0.062000195312500006,0.014623039631265222,0.011087439532669633,0.019388962620152737,2004-02-15 15:02:39,87.33333333333333,0
0.07817851729475464,0.30766845464702985,0.742,0.07814375112473006,0.061616503906249995,0.014393888830406428,0.014572703064189778,0.013111761519799895,2004-02-15 15:12:39,87.16666666666667,0
0.07934480601896698,0.3608226340364111,0.847,0.07932798355868348,0.06251484375000001,0.011372831630738291,0.011810506338441672,0.016543076350519458,2004-02-15 15:22:39,87.0,0
0.0779101486313922,0.3976190920872549,0.764,0.07789096424990805,0.06145122070312501,0.019238107565638294,0.01779162796782998,0.015820929981855445,2004-02-15 15:32:39,86.83333333333333,0
0.07741225186158357,0.44648091471545026,0.73,0.07738960048090586,0.06086855468750001,0.014479225290261613,0.014598937914860251,0.014574680314078974,2004-02-15 15:42:39,86.66666666666667,0
0.07717606759971805,0.28043732509766883,0.735,0.07714844023338603,0.06103349609374999,0.017999437625840126,0.014416556580268426,0.015065450991224144,2004-02-15 15:52:39,86.5,0
0.07613608261640387,0.41774797641549766,0.71,0.07610593591350984,0.06000620117187501,0.010969723285564057,0.010078578934819251,0.013528668307754522,2004-02-15 16:02:39,86.33333333333333,0
0.0773241989178113,0.3024409569039328,0.74,0.07729168063614163,0.0611408203125,0.010558638250609763,0.013534640227115306,0.013370028725866394,2004-02-15 16:12:39,86.16666666666667,0
0.07663857285733715,0.37438075230468293,0.708,0.07660661122983158,0.060398876953125,0.018054002216957615,0.014914672260641705,0.014635034674519943,2004-02-15 16:22:39,86.0,0
0.07806556426631879,0.3390684270083981,0.725,0.07803934399022344,0.0616291015625,0.019789859202455372,0.011573822656478504,0.020232000190771236,2004-02-15 16:32:39,85.83333333333333,0
0.07578872289185329,0.40845317227363553,0.745,0.07576516060711819,0.059661865234375,0.015484621215511413,0.013558433497146052,0.01499163664261979,2004-02-15 16:42:39,85.66666666666667,0
0.07693434701094173,0.46856969866829123,0.761,0.07690524724884,0.06050654296875,0.01987230498338729,0.015161681120952055,0.015383268859643862,2004-02-15 16:52:39,85.5,0
0.07732904689791945,0.41168558687759793,0.749,0.07730953224226583,0.060943603515625,0.01739319011198371,0.011241768831592811,0.014405654217532395,2004-02-15 17:02:39,85.33333333333333,0
0.07843469958895345,0.37372632712093656,0.754,0.07840959228104522,0.061735693359374996,0.01669754506138683,0.014578958635590724,0.012758343538124274,2004-02-15 17:12:39,85.16666666666667,0
0.07572220509038284,0.2563232488156344,0.671,0.07570118489862475,0.05996416015625,0.020702234545301942,0.01628860396475119,0.01565945055766347,2004-02-15 17:22:39,85.0,0
0.0784842490169206,0.3062755004447495,0.845,0.07846671341781498,0.06205693359375001,0.01357135097050352,0.016739513866395973,0.015984934277630668,2004-02-15 17:32:39,84.83333333333333,0
0.07769689014549584,0.32249885138186274,0.806,0.07765771182557542,0.061358398437499996,0.015027016432374864,0.012186421239488768,0.012398019659589785,2004-02-15 17:42:39,84.66666666666667,0
0.07684735275206296,0.3547785090367892,0.742,0.07681755459350152,0.06073486328125001,0.016814131626345683,0.013935050011263658,0.014502264369958199,2004-02-15 17:52:39,84.5,0
0.07749397185477154,0.3099846482311528,0.6519999999999999,0.0774689434384712,0.061094775390625,0.012836478205405183,0.013354680085295145,0.013649015723485038,2004-02-15 18:02:39,84.33333333333333,0
0.0768944284392569,0.3494449443421854,0.7150000000000001,0.07687059008688574,0.06068974609375,0.018876988157079652,0.01004217463481085,0.010927893309717343,2004-02-15 18:12:39,84.16666666666667,0
0.07756135172397398,0.4116157546752546,0.742,0.07753484869782247,0.0611765625,0.011754142709963642,0.011469821055014512,0.012107117866633849,2004-02-15 18:22:39,84.0,0
0.07578647662388391,0.40685206844041444,0.712,0.07576150103062902,0.05951474609375,0.01755630314922153,0.011656507201898784,0.016102224900758272,2004-02-15 18:32:39,83.83333333333333,0
0.076664614301107,0.3704065515650208,0.748,0.0766301144035941,0.060450195312499996,0.01286598744614405,0.013224466327645228,0.016728953498348638,2004-02-15 18:42:39,83.66666666666667,0
0.07681094129826167,0.5330018733341482,0.774,0.07677883289524279,0.060219140625,0.01480391785097478,0.015756850561403215,0.017355707769164737,2004-02-15 18:52:39,83.5,0
0.07548862542369794,0.40510566739307974,0.777,0.07545653374935424,0.059547705078125,0.014472511676550484,0.01708899524162426,0.01774884247098101,2004-02-15 19:02:39,83.33333333333333,0
0.07672604153231645,0.36994758080744194,0.842,0.07670384782392663,0.06060078125,0.021398777233780204,0.014421912928429904,0.014590660694182458,2004-02-15 19:12:39,83.16666666666667,0
0.07659261588817652,0.43349762071778963,0.833,0.0765744476784151,0.06020000000000001,0.015277605498318211,0.01698107521617812,0.016880238028260285,2004-02-15 19:22:39,83.0,0
0.0761245009733233,0.2684527056257915,0.798,0.07609643615462021,0.060284277343750005,0.01760398421570744,0.014812746921544502,0.018410799394551078,2004-02-15 19:32:39,82.83333333333333,0
0.0758757143191252,0.3263407737343358,0.657,0.07583848610119465,0.059931640625000004,0.013607365336958735,0.0113208866043399,0.0181244300562152,2004-02-15 19:42:39,82.66666666666667,0
0.07866708215291275,0.49418838953041,0.7769999999999999,0.07863962230433474,0.061803466796875005,0.016809090486232057,0.018394110752325808,0.015833472294785846,2004-02-15 19:52:39,82.5,0
0.07488942304220102,0.29294154864332134,0.625,0.07485720499714194,0.059112109375,0.015321492351439835,0.010782498301770386,0.014406298059690785,2004-02-15 20:02:39,82.33333333333333,0
0.07551084326884368,0.4819424633738505,0.76,0.07547957028666866,0.05939672851562501,0.012672044133751052,0.014330935105689072,0.017222384608022317,2004-02-15 20:12:39,82.16666666666667,0
0.07746565172555915,0.44233242226243696,0.745,0.0774549037472992,0.060980126953125005,0.01859032430664628,0.017066606448631602,0.015675633923499847,2004-02-15 20:22:39,82.0,0
0.07787997670444166,0.5222317887006485,0.788,0.07784892877637682,0.061084326171875,0.015618824709123777,0.013551847450288252,0.017257508965719794,2004-02-15 20:32:39,81.83333333333333,0
0.07812252964844313,0.4540282010573864,0.783,0.07809715296357081,0.06146030273437501,0.023687294876001817,0.013344162065037864,0.01694712936926943,2004-02-15 20:42:39,81.66666666666667,0
0.07611407711044653,0.4240742184616799,0.8200000000000001,0.07607857372246403,0.06013095703125,0.017588225392497363,0.015857522924801914,0.015061037024591927,2004-02-15 20:52:39,81.5,0
0.077470789606067,0.2986684022677668,0.786,0.07744978934149171,0.061262109375,0.022826958747817386,0.013353250806454135,0.014878887226332498,2004-02-15 21:02:39,81.33333333333333,0
0.07693442285428465,0.3996299365412237,0.7350000000000001,0.07690184928854053,0.060783837890625005,0.014556658232399343,0.012203442066949972,0.01192209780471809,2004-02-15 21:12:39,81.16666666666667,0
0.07845103780085545,0.4226102570232184,0.737,0.07841605485970027,0.061648144531250004,0.013678193546837802,0.014796008628317944,0.01602577689986377,2004-02-15 21:22:39,81.0,0
0.07712598352036994,0.47684581129147796,0.756,0.07709048084366325,0.060716748046875005,0.012301473998036674,0.017615425402124074,0.012960200213781027,2004-02-15 21:32:39,80.83333333333333,0
0.07664916109445931,0.36532085106945766,0.706,0.07661851316675722,0.060460693359375005,0.01313879022141167,0.01678928027066424,0.012260686680793612,2004-02-15 21:42:39,80.66666666666667,0
0.07609715052720026,0.4050901802719662,0.738,0.0760743867622998,0.059829931640625,0.01067690482885396,0.01635956140416075,0.016356538257905468,2004-02-15 21:52:39,80.5,0
0.07746998977930906,0.41682064766099947,0.825,0.07745153396046593,0.06113251953125,0.011617077254643773,0.014260918310935474,0.014828623919841763,2004-02-15 22:02:39,80.33333333333333,0
0.07800517279271853,0.5490165837705425,0.931,0.07797954553010326,0.061449755859374997,0.010687383133532366,0.015414448130039579,0.014783551198068989,2004-02-15 22:12:39,80.16666666666667,0
0.07763653012948785,0.3783289754142425,0.756,0.07761817449257592,0.061097021484375,0.012166355118213446,0.011794071935695,0.012005047552972999,2004-02-15 22:22:39,80.0,0
0.0791884014846082,0.32277869934579506,0.786,0.07915981624047037,0.06256396484375,0.020525791548978583,0.012084661132717866,0.021094345885073446,2004-02-15 22:32:39,79.83333333333333,0
0.07754853035710525,0.26807852003353805,0.7250000000000001,0.07752226883677524,0.061390185546875,0.016224589287978233,0.018448119063528237,0.02014659031445878,2004-02-15 22:42:39,79.66666666666667,0
0.07856042875899338,0.3889013891111306,0.8300000000000001,0.07853056446143572,0.06198276367187501,0.012459274670524066,0.011100322415574635,0.01597926365607372,2004-02-15 22:52:39,79.5,0
0.0789819683115037,0.40739586458968846,0.7909999999999999,0.07896260563918973,0.062387744140625,0.014747327214150686,0.01743081024711213,0.01616470018430292,2004-02-15 23:02:39,79.33333333333333,0
0.07907627967862739,0.3478522367302386,0.718,0.07905916720124433,0.06248466796875,0.01851735740718513,0.018251569372409987,0.012925974416563246,2004-02-15 23:12:39,79.16666666666667,0
0.07822047728316575,0.5463447416547549,0.855,0.07819904743892489,0.06155986328125,0.015192019540110298,0.012714557055141228,0.017720722715233242,2004-02-15 23:22:39,79.0,0
0.07781550947995522,0.4330985972631689,0.789,0.07780511614291777,0.06118554687500001,0.016011534678456358,0.014399796196837827,0.010447306279967764,2004-02-15 23:32:39,78.83333333333333,0
0.077529087283419,0.30336601416400466,0.6930000000000001,0.0774870854107122,0.06132294921875001,0.011314785133331132,0.014833591772467191,0.015254157086094091,2004-02-15 23:42:39,78.66666666666667,0
0.08153544630347129,0.5671203234534485,0.8959999999999999,0.08151823352707728,0.0641630859375,0.01750606895054363,0.011831997853991116,0.021708365243823035,2004-02-15 23:52:39,78.5,0
0.07680178169726923,0.3565530013708509,0.862,0.07678379216775025,0.06074990234375001,0.01318005298867867,0.014628173620645099,0.015585616280358231,2004-02-16 00:02:39,78.33333333333333,0
0.07831487270697295,0.3893799737895485,0.723,0.07828435555027986,0.061643603515625,0.017378903480229784,0.015542463477031889,0.015149594254674355,2004-02-16 00:12:39,78.16666666666667,0
0.07714297013854778,0.35317537794040144,0.6930000000000001,0.0771200007359263,0.060910107421875005,0.0140207597918422,0.015704164776331953,0.014729073840140956,2004-02-16 00:22:39,78.0,0
0.07835456303769503,0.44261857803449756,0.786,0.07831569065068257,0.061634716796875,0.017134158196641994,0.01377663771992938,0.01277012656318597,2004-02-16 00:32:39,77.83333333333333,0
0.07742108696622162,0.2842775896002503,0.72,0.07738437691901005,0.06112666015625001,0.010935521563049548,0.011153549973992701,0.016416353705695615,2004-02-16 00:42:39,77.66666666666667,0
0.0755716893063095,0.372191059811827,0.761,0.0755417258715849,0.059529541015625,0.013430430315628078,0.016484264266337072,0.02135377145678403,2004-02-16 00:52:39,77.5,0
0.07788295128949917,0.3316612476945697,0.718,0.07787376769430278,0.061532617187500006,0.012903263450353104,0.012721896358359595,0.016874139848355733,2004-02-16 01:02:39,77.33333333333333,0
0.0790382315149803,0.4735229512664816,0.8300000000000001,0.0790170110035342,0.062038623046875,0.0156043392398196,0.015604984075019862,0.021509536763507784,2004-02-16 01:12:39,77.16666666666667,0
0.07650243562299178,0.44376505203177086,0.796,0.07648061079752747,0.060091308593750004,0.022118369503565292,0.018600479335194167,0.014963691992434934,2004-02-16 01:22:39,77.0,0
0.07822062241816012,0.3205687000446198,0.7230000000000001,0.07818151679986492,0.06156723632812501,0.015086235561931248,0.017733135354910216,0.014058159728320068,2004-02-16 01:32:39,76.83333333333333,0
0.0796214999353386,0.370455401848512,0.774,0.07958598161819926,0.06280170898437501,0.017724785727444715,0.012679799883483533,0.016686789678541224,2004-02-16 01:42:39,76.66666666666667,0
0.07955654282244407,0.3759632550931773,0.806,0.07952488089415834,0.06265395507812502,0.018855436822236706,0.012615366647033166,0.015378381792038104,2004-02-16 01:52:39,76.5,0
0.080108293097824,0.5264262856189448,0.891,0.0800961141360331,0.062994384765625,0.019703671226716974,0.015411491426558606,0.01484923212724836,2004-02-16 02:02:39,76.33333333333333,0
0.07790080048880675,0.3391363873404871,0.765,0.07787621792826703,0.06148852539062499,0.016339638822586548,0.01795643958127126,0.015057106358793653,2004-02-16 02:12:39,76.16666666666667,0
0.07848352017750684,0.27807440143993567,0.77,0.07846345124382906,0.062045556640625,0.017732286117157894,0.015136627045618084,0.012619984040877365,2004-02-16 02:22:39,76.0,0
0.0781613696593864,0.3705719135213901,0.8260000000000001,0.0781415394123521,0.061701171875,0.011167452858895494,0.017144064196677206,0.015119887697071229,2004-02-16 02:32:39,75.83333333333333,0
0.0778284258300751,0.45938735782447493,0.764,0.07780462064750704,0.0612896484375,0.009602597001897521,0.021572480338036572,0.015392894573612976,2004-02-16 02:42:39,75.66666666666667,0
0.07946396957701962,0.33081110652402757,0.713,0.0794376532600419,0.0627037109375,0.016948114687541732,0.015475702261959809,0.014129801580604043,2004-02-16 02:52:39,75.5,0
0.07711978716429153,0.39415977122915624,0.774,0.077098690150829,0.06086909179687501,0.013512816386854053,0.01264034059242902,0.02068859822488746,2004-02-16 03:02:39,75.33333333333333,0
0.08226511158434281,0.5007892832603442,0.853,0.08223985284736413,0.064636474609375,0.03109373550637267,0.01711758145039644,0.01704628149332172,2004-02-16 03:12:39,75.16666666666667,1
0.08432588993239636,0.45124791693448296,0.813,0.08429453767294064,0.066211181640625,0.037889610263191875,0.01342685825443559,0.01500151903996135,2004-02-16 03:22:39,75.0,1
0.0842800498732685,0.37876193134430336,0.764,0.08426361545795787,0.066476513671875,0.027615084108224105,0.011633999949992053,0.01316981524216537,2004-02-16 03:32:39,74.83333333333333,1
0.08309850817281184,0.2914949831653262,0.747,0.08308035483617349,0.065578857421875,0.04079522493344956,0.008096418556437253,0.014273916480218482,2004-02-16 03:42:39,74.66666666666667,1
0.08266808841262072,0.20932326869857754,0.749,0.08265013893192785,0.065423583984375,0.016569267496505377,0.014654360111651263,0.012527376670598457,2004-02-16 03:52:39,74.5,1
0.08427124871137842,0.3984459945149812,0.83,0.08424717046536646,0.06626748046875,0.028279207299199794,0.016242102904992256,0.016409931767646338,2004-02-16 04:02:39,74.33333333333333,1
0.08598723191692109,0.4707207752262579,0.889,0.08595580269518177,0.067622119140625,0.02976842452021585,0.016264218767285746,0.014227033195480583,2004-02-16 04:12:39,74.16666666666667,1
0.08444288039158852,0.48692482709617213,0.986,0.0844199690988402,0.06646704101562499,0.036194133151948575,0.013102347068165689,0.017008572188582403,2004-02-16 04:22:39,74.0,1
0.08268255902187746,0.2663165276176418,0.762,0.08266760510022222,0.06514169921875,0.0386434196048512,0.012333843868223532,0.01439020548969171,2004-02-16 04:32:39,73.83333333333333,1
0.0836379520986137,0.38219169818433096,0.796,0.08361850069275305,0.06573759765625001,0.024284694690124026,0.014773871852108824,0.013311078895377772,2004-02-16 04:42:39,73.66666666666667,1
0.08381571232658289,0.38806139692741626,0.81,0.08378558270330716,0.06611171875000002,0.034168740528708955,0.010330003924853181,0.01614105552287891,2004-02-16 04:52:39,73.5,1
0.08551655227434408,0.39499088899120816,0.794,0.08548433357170829,0.067155615234375,0.036722102608049034,0.010454477101551351,0.012029728429329605,2004-02-16 05:02:39,73.33333333333333,1
0.08430120065361243,0.36625210492530247,0.776,0.08427990203943554,0.066328759765625,0.03915418547328089,0.012174357821051123,0.01301934748879752,2004-02-16 05:12:39,73.16666666666667,1
0.08697885681706287,0.4368169699375879,0.781,0.08695461810286201,0.06813012695312501,0.042952808669710685,0.01156623279460694,0.013506457105959144,2004-02-16 05:22:39,73.0,1
0.08478583054111621,0.42916152058254164,0.889,0.08473888904789488,0.066585400390625,0.042176234320806937,0.014846182116053019,0.020210629776720307,2004-02-16 05:32:39,72.83333333333333,1
0.08516847160004398,0.32932234903109503,0.7869999999999999,0.08514582655865971,0.0672046875,0.02737925722421088,0.010352227198430552,0.013546652578507585,2004-02-16 05:42:39,72.66666666666667,1
0.08699169910336632,0.4344075193107777,0.784,0.08697370286725638,0.068267431640625,0.02929044666130193,0.011575507874471477,0.017913757158104646,2004-02-16 05:52:39,72.5,1
0.0869552866420438,0.31706454545866825,0.777,0.08692071260499629,0.06851015625,0.029649802251505278,0.010923389611554004,0.014773828580970908,2004-02-16 06:02:39,72.33333333333333,1
0.08790080163305893,0.4305452550883522,0.833,0.08786925596907819,0.06884213867187501,0.038201377751411136,0.011815247889552766,0.013821376592443656,2004-02-16 06:12:39,72.16666666666667,1
0.08565032244174565,0.4367582235515015,0.752,0.08561584231134678,0.06740664062499999,0.036027279419760284,0.011514323919698012,0.013106773013799403,2004-02-16 06:22:39,72.0,1
0.08544638075644281,0.4784166652004527,0.937,0.08541338928822663,0.06703759765625002,0.04640490499187542,0.014678942253013553,0.01598433795671615,2004-02-16 06:32:39,71.83333333333333,1
0.08661301154867697,0.4866350775551669,0.833,0.08659816145580611,0.06806416015625001,0.03984524155758693,0.01184210016281859,0.013970363053323994,2004-02-16 06:42:39,71.66666666666667,1
0.08760435629686174,0.44478603963890295,0.8280000000000001,0.08758340524732817,0.06880546875,0.04709318660023801,0.009368757214767005,0.01610529179917642,2004-02-16 06:52:39,71.5,1
0.08819957754159384,0.46588884448935586,0.839,0.08817470975296222,0.069295361328125,0.04399320616121369,0.011848174792273765,0.021239268794969065,2004-02-16 07:02:39,71.33333333333333,1
0.08605389220297505,0.4931483071694682,0.794,0.08604078734387456,0.06745712890625001,0.051254967385247686,0.01600069804395392,0.01931214461712312,2004-02-16 07:12:39,71.16666666666667,1
0.08917826412847892,0.4004849163034381,0.864,0.08915456824095384,0.07013779296875,0.04661698528192342,0.012730079299429136,0.014027966518062294,2004-02-16 07:22:39,71.0,1
0.08561711642539709,0.40527133118073744,0.762,0.08559283408887657,0.06724960937499999,0.043034601843984166,0.01799037653757289,0.01349285532710896,2004-02-16 07:32:39,70.83333333333333,1
0.08827365730623576,0.3663218356454183,0.777,0.08824570498964562,0.06928984375,0.03341187726044505,0.014160743924706995,0.012768800583925979,2004-02-16 07:42:39,70.66666666666667,1
0.08883351291927008,0.37747961144764863,0.842,0.08880598419897903,0.069774560546875,0.04435483139802303,0.012005770003025116,0.01817400662669569,2004-02-16 07:52:39,70.5,1
0.08730537730432188,0.3765882524557802,0.8300000000000001,0.08728705664550379,0.06872001953125,0.0284961473791933,0.0102896238898767,0.01697113433031043,2004-02-16 08:02:39,70.33333333333333,1
0.0874788557041786,0.4400053155224857,0.879,0.08745980466075431,0.06866279296875,0.057114039588515304,0.012309515420081211,0.012421612831065314,2004-02-16 08:12:39,70.16666666666667,1
0.08891707562606087,0.4406475185056262,0.86,0.0888879659499545,0.069813720703125,0.058946326299194475,0.015669943212743814,0.018824073016684158,2004-02-16 08:22:39,70.0,1
0.08606533531776527,0.3216750973997744,0.734,0.08603791602122937,0.067802001953125,0.046427907310812346,0.010520238319271695,0.012441114430833818,2004-02-16 08:32:39,69.83333333333333,1
0.08849752380010416,0.5416337738525483,0.896,0.08848404967495963,0.069245703125,0.047825278064160585,0.014020392180262154,0.01696060826066996,2004-02-16 08:42:39,69.66666666666667,1
0.08784936420382122,0.5764718203420975,1.057,0.08783154763349316,0.068674462890625,0.04814088279910351,0.014935510220276133,0.011632769223162502,2004-02-16 08:52:39,69.5,1
0.08692632195841919,0.46717319750405073,0.792,0.08690246040095322,0.06817392578125,0.05642943826348397,0.015376371738372002,0.014115526902223063,2004-02-16 09:02:39,69.33333333333333,1
0.08674333435306426,0.4483882496477545,0.8939999999999999,0.08671931682883927,0.06806572265625,0.05482989964855807,0.014528788690033094,0.017108523397853893,2004-02-16 09:12:39,69.16666666666667,1
0.08853620513180258,0.44279588888987,0.94,0.08851431429343214,0.069419873046875,0.04807326715088589,0.014075668908761064,0.010932030478910478,2004-02-16 09:22:39,69.0,1
0.08814084160583206,0.4224696688021856,0.835,0.08811929537982273,0.06905463867187502,0.06397657382193582,0.013112173836715526,0.011720659833583724,2004-02-16 09:32:39,68.83333333333333,1
0.0899870048126742,0.4190169476411656,0.725,0.08997184051706987,0.0704013671875,0.05024609884019873,0.010337277231527912,0.01725085607816414,2004-02-16 09:42:39,68.66666666666667,1
0.08840501059576603,0.5606854308297908,0.8300000000000001,0.08837720526845279,0.06928867187500001,0.04988012891610241,0.012977201795953349,0.01476741825288042,2004-02-16 09:52:39,68.5,1
0.08764679009783032,0.41412200553500567,0.828,0.0876224469501469,0.068652392578125,0.049598255178738906,0.017316733898518084,0.023417168756634802,2004-02-16 10:02:39,68.33333333333333,1
0.08951969957125708,0.4983795824051307,0.857,0.08949987578834939,0.070034619140625,0.05121977846836942,0.011140092815340365,0.017459281323194464,2004-02-16 10:12:39,68.16666666666667,1
0.08913656021626312,0.4495581260310315,0.839,0.08911881924741626,0.069951171875,0.04857544711852041,0.01129892830365617,0.013825965847578297,2004-02-16 10:22:39,68.0,1
0.08819533236169942,0.5139098195706513,0.889,0.08817040070709481,0.06879057617187499,0.053765047550395864,0.015685802517497172,0.013833951461056565,2004-02-16 10:32:39,67.83333333333333,1
0.08845663938213598,0.4853049243464933,0.8280000000000001,0.08843589024435419,0.06929345703124999,0.051188598966606276,0.012874051735775603,0.01561128183393879,2004-02-16 10:42:39,67.66666666666667,1
0.090150743170207,0.6222218558571231,0.903,0.09013235071380551,0.070170361328125,0.06146689384084886,0.010813833382907189,0.013465748723131894,2004-02-16 10:52:39,67.5,1
0.09071041798845723,0.48922652112003195,0.891,0.09068182025654924,0.07107319335937501,0.051914229942457875,0.011399562100486926,0.014040475371429165,2004-02-16 11:02:39,67.33333333333333,1
0.08991441460146976,0.4500197297444908,0.886,0.08988117568565582,0.07035751953125,0.05725232990481637,0.009032049524193083,0.01553097622459254,2004-02-16 11:12:39,67.16666666666667,1
0.09103706078046937,0.3637943811755773,0.849,0.09101847827023163,0.07153637695312501,0.05426047388374729,0.014240355949007905,0.017493250124129424,2004-02-16 11:22:39,67.0,1
0.09011333846624066,0.5456540977864184,0.869,0.09008923786255496,0.07035322265625,0.04928294429301427,0.013186157930094885,0.013350261282727472,2004-02-16 11:32:39,66.83333333333333,1
0.0920947353718068,0.6279157774848958,0.894,0.09206942183556502,0.07168540039062501,0.04871255031936598,0.011404879271737495,0.015314763661509077,2004-02-16 11:42:39,66.66666666666667,1
0.0892083709483904,0.5875521598663269,0.788,0.08919257007795696,0.069493701171875,0.0663122168999738,0.01406700194140496,0.02439230867606278,2004-02-16 11:52:39,66.5,1
0.08972886132503577,0.5150893994807917,0.908,0.08970540254238178,0.07039072265624999,0.06515140721313029,0.011154998171232163,0.02005537253465355,2004-02-16 12:02:39,66.33333333333333,1
0.09109389338539316,0.4599226935671741,0.796,0.09107452721996616,0.07124165039062501,0.0582412005196487,0.015490411094721858,0.015348296012913026,2004-02-16 12:12:39,66.16666666666667,1
0.0918239707351109,0.5836910996720848,0.91,0.0918006439942167,0.0717552734375,0.051045326180088654,0.012304859864412834,0.01450994987025874,2004-02-16 12:22:39,66.0,1
0.08981583914286778,0.5317754684894611,1.066,0.08979934367745021,0.07019716796875,0.04562294400098974,0.011258579763190037,0.011333345558221715,2004-02-16 12:32:39,65.83333333333333,1
0.09123699259817464,0.431128195266433,0.832,0.09119080363740102,0.07143471679687499,0.05137018350320256,0.011846030276469759,0.01563404801699191,2004-02-16 12:42:39,65.66666666666667,1
0.090868854030479,0.5435464893748181,0.869,0.09084378391597234,0.0708958984375,0.04180262683439848,0.017318011050159825,0.014583192222377866,2004-02-16 12:52:39,65.5,1
0.08962443312887326,0.5004719670763254,0.876,0.08960327125381455,0.070180712890625,0.055534169215422126,0.011530360457404479,0.015523153394315727,2004-02-16 13:02:39,65.33333333333333,1
0.08982404539353243,0.44348126643177377,0.874,0.08980131230891515,0.070282275390625,0.045261856472718145,0.013470073531545243,0.01658944230443531,2004-02-16 13:12:39,65.16666666666667,1
0.0914061765491158,0.5832479018112329,0.944,0.09139292334375963,0.07150043945312501,0.06242236795755298,0.01365712965185704,0.012151027846652215,2004-02-16 13:22:39,65.0,1
0.09195853451590287,0.4363660434611796,0.808,0.09193215140416172,0.07205947265625001,0.049534103399515875,0.013211389013782104,0.012184346897241185,2004-02-16 13:32:39,64.83333333333333,1
0.09039873667146503,0.4795368463431777,0.767,0.09038048900211067,0.07061362304687499,0.05292274157280112,0.015961524999122498,0.011863231686008972,2004-02-16 13:42:39,64.66666666666667,1
0.09161855206251215,0.4777315017598136,0.903,0.09159794525518655,0.07164843750000001,0.06780322817643832,0.012477114151317423,0.01645316064433275,2004-02-16 13:52:39,64.5,1
0.09144305642507458,0.5759565479501743,0.849,0.09142726104563606,0.071238134765625,0.05651394037088629,0.014582613868264623,0.012925538404920367,2004-02-16 14:02:39,64.33333333333333,1
0.09038385103182842,0.38579748653005597,0.869,0.09035473613622591,0.07097060546875,0.04889470152847024,0.009260742216527453,0.013394451094453376,2004-02-16 14:12:39,64.16666666666667,1
0.09101168178153356,0.5073871765370295,0.779,0.09099477554843573,0.07117299804687502,0.052534182750642755,0.012430405373984396,0.013464775637068693,2004-02-16 14:22:39,64.0,1
0.09111499109127158,0.5424291215245214,0.9530000000000001,0.09109987611374874,0.07121699218750001,0.05664717352955837,0.012755274430504166,0.01292500023790113,2004-02-16 14:32:39,63.833333333333336,1
0.09316506452553379,0.561412103932736,0.994,0.09314847364028707,0.072997412109375,0.05398756197971224,0.011061759978054695,0.01874893233025699,2004-02-16 14:42:39,63.666666666666664,1
0.09196030611296717,0.3952584218959845,0.821,0.09194259719876635,0.072084716796875,0.05560659724467408,0.010634745187175729,0.013382014124146769,2004-02-16 14:52:39,63.5,1
0.09220456198041396,0.7437720823135519,0.991,0.09218131619884988,0.07155205078125,0.06791366941967997,0.011380148178328378,0.013714556990791271,2004-02-16 15:02:39,63.333333333333336,1
0.09182987332434704,0.5522061634375062,0.813,0.09180432572924035,0.071476416015625,0.06370695833183053,0.010309228729770492,0.012280017647731917,2004-02-16 15:12:39,63.166666666666664,1
0.09341100455237795,0.46292861560630305,0.917,0.09338211769530401,0.07318618164062501,0.06580288148442981,0.013621163932309542,0.010054258031670848,2004-02-16 15:22:39,63.0,1
0.09314935818183344,0.6220028360552496,0.8280000000000001,0.09313785647333143,0.0724798828125,0.07019770254821113,0.01218819600417321,0.013067806234281784,2004-02-16 15:32:39,62.833333333333336,1
0.09361258209954337,0.5948754628838375,0.925,0.09359113145530917,0.0728330078125,0.06779281513602292,0.013579382982321935,0.01328163057291393,2004-02-16 15:42:39,62.666666666666664,1
0.09453647609520888,0.49523616552967376,0.8200000000000001,0.09450843626765197,0.07379951171874999,0.059344390980469945,0.013427205124092397,0.013826414139491351,2004-02-16 15:52:39,62.5,1
0.09488179632277996,0.454988777756709,0.838,0.09486459281639575,0.07424248046875,0.0616212619736422,0.011705069344164728,0.01352491461692561,2004-02-16 16:02:39,62.333333333333336,1
0.09591115706125186,0.5125515240804921,0.903,0.09588292160878376,0.07492026367187501,0.05985346216139263,0.01370297639376537,0.014602333610325808,2004-02-16 16:12:39,62.166666666666664,1
0.09453624651051509,0.45070547493995994,0.9450000000000001,0.09451864152530165,0.073812353515625,0.05928480074710486,0.008450795514323864,0.013593365440010994,2004-02-16 16:22:39,62.0,1
0.09484404113423191,0.5366674792323027,0.872,0.09481914031088155,0.07384780273437501,0.06536720479792724,0.014253467408440725,0.010886850486293518,2004-02-16 16:32:39,61.833333333333336,1
0.09559869276613436,0.47044296169394384,0.889,0.09558295342597416,0.07452734375,0.05731737347934899,0.01199639706433052,0.01291229851572374,2004-02-16 16:42:39,61.666666666666664,1
0.0962706846686077,0.48255849690212615,0.867,0.09625091780901182,0.07519697265625,0.07053815580660192,0.019450572530633207,0.011465025337979043,2004-02-16 16:52:39,61.5,1
0.09629343885845754,0.48132545057966825,0.8160000000000001,0.09627513860956523,0.07510351562499999,0.06953642551102392,0.013968276288331806,0.009608099363419578,2004-02-16 17:02:39,61.333333333333336,1
0.09498840749582946,0.7516350939150938,0.974,0.09497518174685494,0.07355107421875,0.07291864564665677,0.011149648994178817,0.012724841053755294,2004-02-16 17:12:39,61.166666666666664,1
0.09552074356479788,0.656931633208981,0.9670000000000001,0.09549244976104748,0.074103564453125,0.07829742590496405,0.011022982071093637,0.013318279537836625,2004-02-16 17:22:39,61.0,1
0.09492288322509818,0.5199235693062811,0.898,0.09490302288929583,0.074142138671875,0.06521983099701105,0.011427475608516037,0.012647485865759738,2004-02-16 17:32:39,60.833333333333336,1
0.09428204497096067,0.4799663530750524,0.9450000000000001,0.09426557865206811,0.07373339843750001,0.06816961291747643,0.011715198218017359,0.014780432352388104,2004-02-16 17:42:39,60.666666666666664,1
0.09331646084820391,0.6905280888157441,0.879,0.09328469083302592,0.07225522460937499,0.06984247141837603,0.015782354937547722,0.012552619649976365,2004-02-16 17:52:39,60.5,1
0.09846557957645974,0.6146454224255691,1.045,0.09845005065436922,0.076612158203125,0.07059441348330302,0.011090562869354816,0.014940305536228883,2004-02-16 18:02:39,60.333333333333336,1
0.09505307008620237,0.52185644855102,0.867,0.09503868695899781,0.0739328125,0.0693666218843876,0.01460727629443367,0.009827581369982685,2004-02-16 18:12:39,60.166666666666664,1
0.09558984315937742,0.5466231114749083,0.859,0.09557886945078164,0.074217431640625,0.06448441299205496,0.012986439595500178,0.01572800900541375,2004-02-16 18:22:39,60.0,1
0.09694473044843,0.7070670369762246,1.03,0.09692809996445481,0.07531943359375,0.07093761859881133,0.01790121928530522,0.014039310261532354,2004-02-16 18:32:39,59.833333333333336,1
0.0965114094210498,0.5872489689196825,1.0110000000000001,0.09649377021860993,0.07501640625,0.07825402898433716,0.010594447496089237,0.014816910476827273,2004-02-16 18:42:39,59.666666666666664,1
0.09612524026709245,0.5578462766349963,0.8320000000000001,0.09610307518105546,0.07484326171875,0.07525827455093154,0.013906055960437352,0.012752828516779805,2004-02-16 18:52:39,59.5,1
0.09615338622035433,0.5648243843398308,0.96,0.0961254013091715,0.074834423828125,0.06752425515851844,0.00996375974497532,0.014498243892620874,2004-02-16 19:02:39,59.333333333333336,1
0.09568015540681293,0.5440465424476613,0.882,0.09565264910863361,0.07458520507812501,0.07253854254054981,0.012246496319357546,0.013245654933879603,2004-02-16 19:12:39,59.166666666666664,1
0.09588543375429867,0.5680300448067963,0.883,0.09587125623493316,0.07450576171875,0.07029198805449752,0.013259033948465728,0.01443610531752719,2004-02-16 19:22:39,59.0,1
0.09359121892445693,0.5776137206627063,0.815,0.09356724330764812,0.072592919921875,0.07130619138918408,0.012292251562378889,0.01111494379241881,2004-02-16 19:32:39,58.833333333333336,1
0.0978013926401038,0.6776469967540244,1.077,0.09778247306724465,0.07594003906249999,0.07235642742012861,0.013559671701737665,0.0156788845516175,2004-02-16 19:42:39,58.666666666666664,1
0.09710681060572232,0.6504368874900792,0.9299999999999999,0.09708231057954604,0.07557016601562501,0.08034916390090228,0.010880530419687024,0.009798434952888733,2004-02-16 19:52:39,58.5,1
0.09409151883148462,0.597830253496999,0.871,0.0940687640559963,0.073051318359375,0.06902911302168281,0.015867121926955944,0.011657629770548725,2004-02-16 20:02:39,58.333333333333336,1
0.09633701373222939,0.5476513363534399,0.996,0.0963140650874664,0.07489609375,0.06848689156471335,0.012553684467445092,0.009634419827872677,2004-02-16 20:12:39,58.166666666666664,1
0.09589212714726962,0.6816542557597804,0.9590000000000001,0.09587481384944375,0.074067822265625,0.07910001499552502,0.015592571827166373,0.011975351531512295,2004-02-16 20:22:39,58.0,1
0.09741922811159702,0.5794547587061274,1.04,0.09739518356995239,0.07596889648437502,0.07922034416853262,0.011073745095427648,0.015501940505802603,2004-02-16 20:32:39,57.833333333333336,1
0.09765945669735152,0.6138368980938771,0.896,0.09764422684677404,0.075798486328125,0.07090432908019619,0.010460886152192038,0.012764334865314924,2004-02-16 20:42:39,57.666666666666664,1
0.09483689122646313,0.651732628079011,0.954,0.0948210754185315,0.07345410156250001,0.07476612341516908,0.012068237264533882,0.012143997633537462,2004-02-16 20:52:39,57.5,1
0.09751085676733642,0.5211546493244872,0.8939999999999999,0.09748992524821394,0.07585732421875,0.07251189201041641,0.00849548062918777,0.012108665391567346,2004-02-16 21:02:39,57.333333333333336,1
0.09844802225508394,0.5391143920899375,0.867,0.09843639396525677,0.07656874999999999,0.07230548126281143,0.01070951206268338,0.010744185643600654,2004-02-16 21:12:39,57.166666666666664,1
0.09941949426467503,0.6729759536588338,0.871,0.09940383393201764,0.0768498046875,0.0902348369045748,0.009796401151758425,0.01734688218100496,2004-02-16 21:22:39,57.0,1
0.09837946999850884,0.5525116797825755,0.915,0.0983651064774757,0.07641865234375,0.08661131387737497,0.011053771271489515,0.011060827237425505,2004-02-16 21:32:39,56.833333333333336,1
0.09805131488951334,0.6556898929154347,0.8089999999999999,0.09803372410072998,0.07578271484375002,0.08349363750467789,0.0165719050637258,0.015491791193054319,2004-02-16 21:42:39,56.666666666666664,1
0.09792751075811766,0.6115755984681224,0.876,0.09791493996037309,0.07569472656250001,0.07667889219281107,0.011831153461325518,0.01757342250813789,2004-02-16 21:52:39,56.5,1
0.09727314629554436,0.5729173065359405,0.877,0.09725953373048636,0.075298681640625,0.08000451660327726,0.015505909724846017,0.018013995712585277,2004-02-16 22:02:39,56.333333333333336,1
0.09838645353035777,0.5407447483805452,0.855,0.09837636823344928,0.0763080078125,0.07919814324440429,0.013437387037392076,0.014807980136447057,2004-02-16 22:12:39,56.166666666666664,1
0.10379379699636138,1.0585291699680255,0.984,0.10376910203435047,0.07893901367187499,0.0972993133696414,0.013321128656638703,0.014468988675760908,2004-02-16 22:22:39,56.0,1
0.10638649114453806,0.8598868216339213,0.996,0.10637398947336635,0.081472119140625,0.09240605948372839,0.01298026115070599,0.01635778863841708,2004-02-16 22:32:39,55.833333333333336,1
0.10502789459271344,0.8599062471455503,0.9550000000000001,0.10500558225887016,0.080391357421875,0.09199378023829259,0.013123693180489362,0.0119913273797772,2004-02-16 22:42:39,55.666666666666664,1
0.10535479352896691,0.8350103772760362,0.9490000000000001,0.10534146824160609,0.08096103515625,0.09239472328318686,0.014576283623477149,0.01087678450421653,2004-02-16 22:52:39,55.5,1
0.1062761847330165,0.8995088299729606,1.0470000000000002,0.10625564856160724,0.08140107421875001,0.09391919179236796,0.01637453832087064,0.014184217805413294,2004-02-16 23:02:39,55.333333333333336,1
0.10429216187852698,0.781076496996437,0.892,0.1042700012427267,0.079970556640625,0.09020410062386196,0.008635421175713625,0.008259674724024228,2004-02-16 23:12:39,55.166666666666664,1
0.1058579707010176,0.9329644597348055,0.999,0.10583460325573028,0.08076777343750001,0.09084914771416841,0.009713034628555986,0.011827920461507983,2004-02-16 23:22:39,55.0,1
0.10620989914212917,0.762292215275973,0.942,0.10619686540460416,0.08166943359375,0.08955148348078376,0.011444227279102211,0.011119845926570941,2004-02-16 23:32:39,54.833333333333336,1
0.10301590204535778,1.0358414179009854,1.02,0.10299146827083759,0.07849257812499999,0.1003622411441791,0.011526628918715436,0.011931429434516685,2004-02-16 23:42:39,54.666666666666664,1
0.10596938126470777,0.7450972867487455,0.986,0.10595899954424515,0.081673828125,0.10221098850519679,0.013202290692054692,0.011308499965462281,2004-02-16 23:52:39,54.5,1
0.10595938103673265,0.8549311432066542,1.057,0.10594924027191698,0.0814701171875,0.08749955838959451,0.010297923991799702,0.015191071293544533,2004-02-17 00:02:39,54.333333333333336,1
0.10464030419355035,0.9508549157327404,1.0230000000000001,0.1046235968561095,0.0801087890625,0.08984791237713091,0.012182191586613633,0.013413378151712929,2004-02-17 00:12:39,54.166666666666664,1
0.10564207193765773,0.8956928609533841,0.969,0.10561847953754985,0.08079199218750001,0.09549972478179253,0.01613928382481185,0.014219300077396304,2004-02-17 00:22:39,54.0,1
0.10435954367219488,0.7821187671581318,0.9570000000000001,0.10434677548583268,0.08012822265625,0.08629203318649634,0.011229104739672242,0.01646857886990147,2004-02-17 00:32:39,53.833333333333336,1
0.10662787171909487,0.7683447818777145,0.964,0.10661143815612845,0.0818037109375,0.0913723410601161,0.012769383006926266,0.011975247912140859,2004-02-17 00:42:39,53.666666666666664,1
0.10662177420384168,0.7659497176972057,0.969,0.10660886235708322,0.08193642578125,0.09331874375011932,0.013494876726331212,0.012951089784244923,2004-02-17 00:52:39,53.5,1
0.10470268546579882,0.7874671091869452,1.216,0.10467625720588139,0.08061689453125001,0.09720235092730524,0.014814745854202095,0.011767364256647532,2004-02-17 01:02:39,53.333333333333336,1
0.10421010318327466,0.8921494235250269,0.9570000000000001,0.10419411991093308,0.07979892578125,0.10107926232376274,0.011654386187845703,0.010745690451162937,2004-02-17 01:12:39,53.166666666666664,1
0.10612328036187736,0.8154883567032956,1.006,0.10610636041632907,0.081450537109375,0.09305546497338091,0.01604719945004696,0.015595055653647003,2004-02-17 01:22:39,53.0,1
0.10685637013248496,0.9264702973389842,1.0110000000000001,0.10684368830670977,0.081733251953125,0.1068508409066066,0.01911267888291622,0.015924192782592116,2004-02-17 01:32:39,52.833333333333336,1
0.10484058257137954,0.7777840638038409,1.045,0.10483115097547938,0.0807240234375,0.09040032622652958,0.010891271158406322,0.012212163129839606,2004-02-17 01:42:39,52.666666666666664,1
0.10359935976515491,0.8181278801353171,0.899,0.10358289973678944,0.07943447265625,0.09704142683562818,0.010557561122180295,0.01340128713029939,2004-02-17 01:52:39,52.5,1
0.1061608500070471,0.6435017100343892,1.0250000000000001,0.106147151556937,0.08213808593750001,0.09129718574000745,0.012238491200800087,0.014379795696765176,2004-02-17 02:02:39,52.333333333333336,1
0.10631852845194717,0.7751768259453478,0.9570000000000001,0.1062959236188349,0.08145771484375,0.08189509681640383,0.010582366163252184,0.015415827844252234,2004-02-17 02:12:39,52.166666666666664,1
0.10491263548297876,0.7599653523038579,0.921,0.10489966343887301,0.080756005859375,0.08052123668156931,0.015686987742029337,0.011288233929360163,2004-02-17 02:22:39,52.0,1
0.1029637437136551,0.7349785490431682,0.957,0.10293961366314318,0.07921250000000002,0.10147426528329598,0.012101289622045921,0.011064412750644155,2004-02-17 02:32:39,51.833333333333336,1
0.10200354165305059,0.9059180314983255,1.104,0.10198831440725148,0.07834467773437499,0.09312359079982142,0.01346878706793028,0.017845989757724234,2004-02-17 02:42:39,51.666666666666664,1
0.10489127136513195,0.7658650384721595,0.903,0.1048669769520988,0.0804013671875,0.09666620729718503,0.010731562902633869,0.009338585467780972,2004-02-17 02:52:39,51.5,1
0.10283863459626931,0.8061671416948877,0.977,0.1028109009042696,0.07890712890625,0.09360152007304995,0.012479895435091929,0.011415248592090192,2004-02-17 03:02:39,51.333333333333336,1
0.104138791478608,0.767830926828001,1.0670000000000002,0.10411814607733272,0.0801859375,0.09520565404011608,0.011175479888599323,0.013278265467560828,2004-02-17 03:12:39,51.166666666666664,1
0.10527105383433104,0.8046930891839184,1.052,0.10524364665863592,0.081035986328125,0.09130840879429744,0.010003532747860115,0.010580388208679924,2004-02-17 03:22:39,51.0,1
0.10531576914436293,0.837958133801413,0.9650000000000001,0.10529723231413343,0.08095654296875,0.09879510300225341,0.013476504116330718,0.009470516368986904,2004-02-17 03:32:39,50.833333333333336,1
0.10321447893638458,0.7881606825279626,0.877,0.10319522564778864,0.079128271484375,0.10093871549823212,0.013768185700944562,0.01294383222585167,2004-02-17 03:42:39,50.666666666666664,1
0.10400314819265989,0.7661913843761754,0.9470000000000001,0.10399037377794015,0.08005034179687501,0.0913304168058693,0.011500686985190876,0.01025547035988709,2004-02-17 03:52:39,50.5,1
0.10480054064895132,0.8518725408416485,0.969,0.10478630929616467,0.08031953124999999,0.09780650674675598,0.012322488654125517,0.014348123076431924,2004-02-17 04:02:39,50.333333333333336,1
0.10488916094613579,0.801608419509964,1.03,0.10485010316830719,0.08035004882812499,0.10149419908177439,0.011633013514293607,0.010999471665915169,2004-02-17 04:12:39,50.166666666666664,1
0.10448049403028538,0.888052754170896,1.057,0.1044703204074305,0.08012207031249999,0.10112312580977727,0.008496302165820688,0.00864222318932134,2004-02-17 04:22:39,50.0,1
0.10532482726442635,0.82448840101971,1.05,0.10530391525817447,0.0808533203125,0.0997969808059043,0.008518823004772713,0.01139946500762821,2004-02-17 04:32:39,49.833333333333336,1
0.10710761691664371,0.9264552158381938,1.07,0.10709339131389001,0.08182939453125,0.10302328329131884,0.013394280821994441,0.015408810139288366,2004-02-17 04:42:39,49.666666666666664,1
0.10712431104832426,1.0505291217189656,0.997,0.10711509271296862,0.081478369140625,0.11136904641584841,0.012839290019956878,0.014537225981643183,2004-02-17 04:52:39,49.5,1
0.10520757314597474,0.8793067368177367,1.065,0.10518518220292615,0.08063657226562501,0.10596886501391034,0.01554956430255357,0.01150403337976598,2004-02-17 05:02:39,49.333333333333336,1
0.1051648280769437,0.8326009069336702,0.927,0.10514338916451799,0.08052534179687498,0.09153244090095304,0.013603577326499866,0.012674366231454218,2004-02-17 05:12:39,49.166666666666664,1
0.10574962299541249,0.861036052574427,0.9450000000000001,0.10571934420289815,0.08093725585937499,0.10927683923453248,0.010150852019443367,0.010178781249072741,2004-02-17 05:22:39,49.0,1
0.10543929148781836,0.9545136527384219,1.145,0.10542583760539853,0.080571240234375,0.09706358426741463,0.012934721052567197,0.015913413671904478,2004-02-17 05:32:39,48.833333333333336,1
0.10669288280028043,0.9490274586743093,0.944,0.10667180733337313,0.08154731445312499,0.09625067873975637,0.010525133116264537,0.012006990542687866,2004-02-17 05:42:39,48.666666666666664,1
0.10714596999756337,0.9330134615333097,1.028,0.10713080010557506,0.08189453125,0.10089843916846163,0.013464818750467417,0.011589312617061443,2004-02-17 05:52:39,48.5,1
0.1082455801187022,1.0429418547249654,1.008,0.10823434391804927,0.08233217773437498,0.10926067477515149,0.010944121374615163,0.015551318761369991,2004-02-17 06:02:39,48.333333333333336,1
0.1066530244622867,1.1183743731296083,1.054,0.10663266500748596,0.081076318359375,0.09952888827851543,0.009908933866923552,0.014717999009133904,2004-02-17 06:12:39,48.166666666666664,1
0.10575230009134258,0.9844105836345958,0.977,0.10573303274973286,0.080706591796875,0.1022209243399882,0.01327440204752353,0.012548995630522712,2004-02-17 06:22:39,48.0,1
0.10728003431076423,1.0690860773358137,1.074,0.10727136319458126,0.08155810546875,0.10585053659115212,0.01162744448775251,0.010564185539639438,2004-02-17 06:32:39,47.833333333333336,1
0.1092699857470305,1.1382513109899266,1.028,0.10925792237474784,0.08278935546874999,0.11604431111521149,0.009819982863356945,0.009280440103329471,2004-02-17 06:42:39,47.666666666666664,1
0.10650088073652841,0.9495395392054915,0.984,0.10647368979524564,0.08143095703125,0.10144402590923984,0.01274893021350363,0.009204807271310343,2004-02-17 06:52:39,47.5,1
0.10979059235618448,1.0147120981586903,1.0979999999999999,0.10976950924023306,0.083783251953125,0.11435926570488725,0.013481808563300965,0.00935063583374504,2004-02-17 07:02:39,47.333333333333336,1
0.11276782356350593,1.0781427077767232,1.092,0.11275490562424527,0.08570673828125,0.11603829640601984,0.013876492606652127,0.011226941505738297,2004-02-17 07:12:39,47.166666666666664,1
0.12028870746886945,1.3465853356884274,1.169,0.12027081919912475,0.09000234375,0.13410948979132045,0.012857222804685542,0.010907681775308247,2004-02-17 07:22:39,47.0,1
0.16689628653443545,2.3899486964238736,1.584,0.16688531206930557,0.116483837890625,0.15272092463015607,0.011994083402193632,0.012305489442508958,2004-02-17 07:32:39,46.833333333333336,1
0.1717619405135619,2.385963138816231,1.75,0.17175226188535522,0.119794775390625,0.15758293389004074,0.011409188191518963,0.007999276689893814,2004-02-17 07:42:39,46.666666666666664,1
0.1737544359258383,2.6277418580638514,1.782,0.17373771535987825,0.12030419921874999,0.16231166125920657,0.009141617563905764,0.010139398767783409,2004-02-17 07:52:39,46.5,1
0.17177918437224501,2.619835564565922,1.76,0.17176726202426995,0.11844228515625,0.16028893020474347,0.009479728696203048,0.009426505696773729,2004-02-17 08:02:39,46.333333333333336,1
0.16911726137713776,2.508039128205911,1.6669999999999998,0.16911142314905972,0.117367626953125,0.16464428923471072,0.008280083859442105,0.011253420020991802,2004-02-17 08:12:39,46.166666666666664,1
0.1736918046931925,2.507311701072103,1.6949999999999998,0.1736802226553967,0.121048486328125,0.16256584369111085,0.011098435854025193,0.00750314153438646,2004-02-17 08:22:39,46.0,1
0.16859953520542212,2.468160828379805,1.643,0.16858932554701642,0.117347021484375,0.16268937767665484,0.009192269650783551,0.010320704307167519,2004-02-17 08:32:39,45.833333333333336,1
0.16686560557006835,2.687473540284625,1.662,0.16684723438082694,0.115159619140625,0.16242248611467436,0.011937419281406186,0.008945505041322716,2004-02-17 08:42:39,45.666666666666664,1
0.17252337180324112,2.222416729050244,1.526,0.17250703099972597,0.121007080078125,0.15362244565671002,0.009350790011897137,0.009008542457413084,2004-02-17 08:52:39,45.5,1
0.16982476952361808,2.5484724704412347,1.722,0.1698140825991547,0.11763349609375,0.1578167556328334,0.008283158231345542,0.009218188675451959,2004-02-17 09:02:39,45.333333333333336,1
0.1688369467847881,2.249619206863973,1.641,0.16882029445348168,0.11798793945312498,0.16291095391754765,0.0136122971660401,0.00835277088439263,2004-02-17 09:12:39,45.166666666666664,1
0.16849347762436717,2.2962846226171463,1.569,0.16848419830881156,0.118264111328125,0.17021624493022303,0.014233245441330917,0.009152989997478099,2004-02-17 09:22:39,45.0,1
0.16950951531182548,2.236903617851569,1.492,0.16950124228928082,0.11887666015625001,0.17191475687698907,0.00985277116641159,0.006796992002885331,2004-02-17 09:32:39,44.833333333333336,1
0.16993603015753642,2.385052098682162,1.699,0.1699224554601748,0.118469580078125,0.16976001508470998,0.009835665246753058,0.01031509391406874,2004-02-17 09:42:39,44.666666666666664,1
0.16509543064755947,2.7599757678058046,1.601,0.16507878585285252,0.11374028320312499,0.17520273223677213,0.013064287899848365,0.0095256992133454,2004-02-17 09:52:39,44.5,1
0.1655270049130013,2.51078103913584,1.592,0.16551565040253277,0.11534023437499999,0.17006805607017572,0.01133066041746575,0.00641833591897864,2004-02-17 10:02:39,44.333333333333336,1
0.16503688256696403,2.3744789542971656,1.623,0.16502786371733058,0.11540512695312499,0.16919872344662934,0.00893627171991572,0.0108511535227603,2004-02-17 10:12:39,44.166666666666664,1
0.16810142507227036,2.3714839632363143,1.499,0.16808903226734154,0.117732373046875,0.17688633488365352,0.010165128174181356,0.009381740445701305,2004-02-17 10:22:39,44.0,1
0.16409903551523772,2.5167965315732292,1.619,0.16407562826353983,0.11437333984375,0.17236231094870527,0.00927837715734027,0.010173940767937928,2004-02-17 10:32:39,43.833333333333336,1
0.16516423703487537,2.3430157717228868,1.563,0.16515006168363172,0.11579130859375,0.17473625733991013,0.01203051204113147,0.008444037796665135,2004-02-17 10:42:39,43.666666666666664,1
0.16412790006005987,2.5792370392219395,1.553,0.16411413167975805,0.113906640625,0.17115995648897997,0.006891086808982956,0.010751237704206372,2004-02-17 10:52:39,43.5,1
0.1638367454217479,2.5327965967714716,1.5750000000000002,0.1638229823359712,0.11488637695312498,0.17521770744488044,0.012751679382694295,0.008732988877176575,2004-02-17 11:02:39,43.333333333333336,1
0.16321589900343655,2.6251046733413244,1.553,0.16319995447417052,0.11360234375,0.17884055700660942,0.013799695396811185,0.00716761635234545,2004-02-17 11:12:39,43.166666666666664,1
0.16847889623499585,2.3993170851789802,1.634,0.1684588753608301,0.11794482421875001,0.1767836300009585,0.0105392109425137,0.011212488213727464,2004-02-17 11:22:39,43.0,1
0.16697350674021613,2.3053471020609484,1.662,0.16695990080764117,0.11730742187499998,0.1673012541668322,0.013140817482270969,0.008099838728238622,2004-02-17 11:32:39,42.833333333333336,1
0.16563809588555933,2.662004836053092,1.611,0.1656306076291268,0.11517148437500002,0.17982140805829985,0.01224456805670206,0.012261890282761412,2004-02-17 11:42:39,42.666666666666664,1
0.16415866735084764,2.449071480634581,1.631,0.16414240460117688,0.11509404296875,0.17187242736866712,0.011491698729543174,0.00719287468552129,2004-02-17 11:52:39,42.5,1
0.16524972475984076,2.3496086692933744,1.682,0.16523855821088268,0.11640004882812498,0.17887243716048104,0.014119337279542503,0.008282212702537215,2004-02-17 12:02:39,42.333333333333336,1
0.16630584896626646,2.5562534261703194,1.704,0.16629286759066028,0.116234716796875,0.18017166411994426,0.013721942534692885,0.009143553711518392,2004-02-17 12:12:39,42.166666666666664,1
0.1575511747218979,2.757837907080085,1.613,0.15753519405416846,0.10965800781250001,0.18347856090325984,0.009798199379777285,0.0085077098135651,2004-02-17 12:22:39,42.0,1
0.16212426031057164,2.5407402689304712,1.57,0.16211342999090594,0.11389550781249999,0.17966117567254936,0.015056655558216135,0.012363025184607338,2004-02-17 12:32:39,41.833333333333336,1
0.1558261737820283,2.46498066165971,1.526,0.155816765083172,0.110437548828125,0.18470377615034067,0.014435806079320468,0.010827044714750326,2004-02-17 12:42:39,41.666666666666664,1
0.15678997088686228,2.3987033735605676,1.604,0.15676437161368403,0.111178173828125,0.18547172981783447,0.017788372721810594,0.010059601455171199,2004-02-17 12:52:39,41.5,1
0.15417651476498656,2.3818682207922164,1.538,0.15416258433338975,0.109775537109375,0.1799155405163128,0.014587875210211671,0.00861447546507538,2004-02-17 13:02:39,41.333333333333336,1
0.15502766606671775,2.386599763607027,1.552,0.1550153438361392,0.110094140625,0.17750377612617316,0.012727258494622072,0.007153077414168132,2004-02-17 13:12:39,41.166666666666664,1
0.15479955490008887,2.327105347581628,1.545,0.15479107309514198,0.110500048828125,0.18597731243856974,0.010701632844672206,0.01126484445680183,2004-02-17 13:22:39,41.0,1
0.1450686467016887,2.26123531877003,1.472,0.14505347658643136,0.10377583007812499,0.1828777154470007,0.0107188456068017,0.009196682015389515,2004-02-17 13:32:39,40.833333333333336,1
0.14251295959436022,2.399448569135596,1.446,0.14250547917911555,0.10158554687500002,0.1940990451643996,0.014370020787019586,0.010588367305978641,2004-02-17 13:42:39,40.666666666666664,1
0.14808891668890603,2.1593087071614088,1.4500000000000002,0.14807779692684847,0.1066033203125,0.19531126045717645,0.010404251160988707,0.008298261053252888,2004-02-17 13:52:39,40.5,1
0.1452710145754522,2.205290738277462,1.557,0.1452566719121925,0.1042986328125,0.1887309130962038,0.017943301226357716,0.014015127646250458,2004-02-17 14:02:39,40.333333333333336,1
0.1439164398197462,2.0279362962567413,1.428,0.14390677431422344,0.104158837890625,0.1864184379226029,0.015152534147224395,0.010857280742244995,2004-02-17 14:12:39,40.166666666666664,1
0.13972712158296033,2.3435063612543576,1.3900000000000001,0.1397168442716768,0.10005688476562499,0.18845165294068525,0.010766127462439719,0.010524513191157128,2004-02-17 14:22:39,40.0,1
0.13942111694991724,1.9873835565149376,1.377,0.13940496793015889,0.10147802734375,0.180593508267372,0.010271294248018953,0.010584578616668372,2004-02-17 14:32:39,39.833333333333336,1
0.1397635746076544,2.072451250823515,1.375,0.13975335792095936,0.10119311523437499,0.18364934510053182,0.018343474593649114,0.01087879088370198,2004-02-17 14:42:39,39.666666666666664,1
0.14242094915360065,2.000610245854107,1.443,0.14240961836091998,0.103380859375,0.17959387518643835,0.013196685026650662,0.014007940052588375,2004-02-17 14:52:39,39.5,1
0.13856824279089436,2.2260007849082273,1.491,0.13855399139048752,0.10047099609374999,0.18175310235143624,0.01794218757625218,0.011702181034143541,2004-02-17 15:02:39,39.333333333333336,1
0.14059532065276256,2.089211856633855,1.4249999999999998,0.1405783469409978,0.101997802734375,0.18752982962905793,0.01349381239661719,0.014551449659495065,2004-02-17 15:12:39,39.166666666666664,1
0.1344781462772739,2.515220692159634,1.433,0.13447099374999763,0.096234033203125,0.19599400832905928,0.01951092919498137,0.008432240922124544,2004-02-17 15:22:39,39.0,1
0.14053554724361556,2.0302124304922984,1.367,0.1405208429926291,0.10207265624999999,0.1822349571509738,0.016106402818212684,0.012424720314560636,2004-02-17 15:32:39,38.833333333333336,1
0.1395541734739036,2.175739666773458,1.4409999999999998,0.13954307594198878,0.10090083007812498,0.19723334229727407,0.013178342579832483,0.01046147301151781,2004-02-17 15:42:39,38.666666666666664,1
0.13509444305715124,2.223813709131562,1.353,0.13508302236099481,0.09794936523437499,0.18662323908452005,0.016040850441115532,0.009680123385236885,2004-02-17 15:52:39,38.5,1
0.135658014414925,2.1128744124830856,1.487,0.13563450076357514,0.09916318359375,0.1811114928751799,0.017233439025711804,0.012772149587149912,2004-02-17 16:02:39,38.333333333333336,1
0.13497136089451994,2.2546410521326736,1.484,0.13496485320782559,0.09811357421875,0.19427988106187857,0.013061523251365012,0.013343826809360918,2004-02-17 16:12:39,38.166666666666664,1
0.13189689984036773,2.2805364312324974,1.459,0.13188363578557946,0.0963455078125,0.18543613195319603,0.019778537376867897,0.010026847843018574,2004-02-17 16:22:39,38.0,1
0.12851723194284104,1.946243322827339,1.3210000000000002,0.12850403655113327,0.09458398437500001,0.19474385597030477,0.018840590643801676,0.011031212461717607,2004-02-17 16:32:39,37.833333333333336,1
0.12589233138504702,1.998323593241631,1.264,0.12587990282028297,0.092754296875,0.19595401489660322,0.022472082018002767,0.01054654903621066,2004-02-17 16:42:39,37.666666666666664,1
0.12576345778664455,1.9100190256431029,1.3519999999999999,0.12575086007719946,0.092947802734375,0.19432723947105682,0.016351740481146577,0.011403177930102884,2004-02-17 16:52:39,37.5,1
0.12436039114109293,2.081025081578109,1.45,0.12434257576370984,0.09174731445312499,0.18715765824320593,0.017430313143008747,0.012972489962558533,2004-02-17 17:02:39,37.333333333333336,1
0.12274867278273063,1.8506896762328866,1.3210000000000002,0.12273314790942975,0.091413330078125,0.19606460455359676,0.01843484956836304,0.013152893060720502,2004-02-17 17:12:39,37.166666666666664,1
0.12051210248644377,1.8370808344243121,1.565,0.12049771455313857,0.089955615234375,0.19854657916901083,0.021328566624955237,0.012173994200707,2004-02-17 17:22:39,37.0,1
0.1166632473457258,1.4954431175997502,1.276,0.11664609267848056,0.08809013671874999,0.18088308138494258,0.014795066770594067,0.014998733176810728,2004-02-17 17:32:39,36.833333333333336,1
0.11792317642053819,1.7742718033580802,1.448,0.11791507359904692,0.08808256835937502,0.19262779959441795,0.018119191873037805,0.009973481834644976,2004-02-17 17:42:39,36.666666666666664,1
0.11285861527156722,1.4252491220698804,1.206,0.11283584344546328,0.08510190429687499,0.18635816792428986,0.018150488654163535,0.01721674434207507,2004-02-17 17:52:39,36.5,1
0.11249116241329249,1.5529669477773043,1.162,0.11247857322396894,0.08490029296874999,0.1834851553784012,0.018749186264186386,0.013704287843762793,2004-02-17 18:02:39,36.333333333333336,1
0.11132827171042965,1.3315768216817174,1.175,0.11131627706126455,0.08433535156249998,0.17661442757742082,0.017344056712029328,0.012435369134826296,2004-02-17 18:12:39,36.166666666666664,1
0.1111174328659493,1.3873173209212863,1.1989999999999998,0.11109619772419393,0.08426259765625001,0.17120420082355026,0.01541311906272804,0.014730584805500813,2004-02-17 18:22:39,36.0,1
0.11086750498730173,1.6100288340414615,1.213,0.11085801040438618,0.083739013671875,0.17211935491949085,0.01567346898017699,0.01642001755777907,2004-02-17 18:32:39,35.833333333333336,1
0.11017193970711474,1.3695843103358332,1.224,0.11016338278674173,0.083944775390625,0.17806417839997446,0.022775190991370996,0.013793376902153574,2004-02-17 18:42:39,35.666666666666664,1
0.11003507652747033,1.2744723089655716,1.096,0.11002121859403505,0.08374990234375,0.15767366805944447,0.021675964587036318,0.01131522334551265,2004-02-17 18:52:39,35.5,1
0.1070069605194418,1.2226722115552695,1.101,0.10700005484462607,0.08160043945312499,0.17965074328782066,0.01967292135771361,0.015320338596344726,2004-02-17 19:02:39,35.333333333333336,1
0.1072848457833893,1.0738601123029525,1.028,0.10727539268070405,0.082107373046875,0.16628713787844976,0.024256522714833553,0.007745924162266799,2004-02-17 19:12:39,35.166666666666664,1
0.10781778904599011,1.2337454208669252,1.306,0.1077959383216059,0.082464697265625,0.17023581178608244,0.01339666045561855,0.011681307608719863,2004-02-17 19:22:39,35.0,1
0.10573701784786335,1.153461954493464,1.087,0.10571842414788826,0.080774462890625,0.17273116163710456,0.014198479987164767,0.013732321985348421,2004-02-17 19:32:39,34.833333333333336,1
0.10385260668859317,0.9437626729182176,1.169,0.10384050472535768,0.080039013671875,0.16078162634466023,0.013154718764584223,0.014285241610019794,2004-02-17 19:42:39,34.666666666666664,1
0.10678984226112637,1.1760824616639525,1.218,0.1067788746689228,0.08164267578125,0.16915047277876397,0.024110566619945567,0.015274196819669137,2004-02-17 19:52:39,34.5,1
0.1052975265226913,0.8804305397069774,1.0430000000000001,0.10528519329245467,0.08117055664062499,0.17693286836547417,0.02526720257899154,0.009964707725578921,2004-02-17 20:02:39,34.333333333333336,1
0.10424662858007687,1.0337229619269293,1.009,0.10422214581101316,0.07993837890625,0.17007341623287145,0.014405698384468904,0.012221365138629729,2004-02-17 20:12:39,34.166666666666664,1
0.10346354326600385,1.0008925414701384,1.005,0.10345598848132738,0.0794953125,0.1567001292000742,0.029265052154108274,0.015251123268969487,2004-02-17 20:22:39,34.0,1
0.10303147274012928,0.9089595537940993,1.042,0.1030124930008797,0.07918544921875001,0.1545290784225123,0.018150470660894938,0.013518794967091631,2004-02-17 20:32:39,33.833333333333336,1
0.09932441224184264,0.7722742104765588,1.0150000000000001,0.09930624154269888,0.07678164062500001,0.15434346309729946,0.020170461999123993,0.008824146139771291,2004-02-17 20:42:39,33.666666666666664,1
0.10277105523892355,0.9273599159890513,1.03,0.10275773905266905,0.079166552734375,0.15099742400615487,0.016080953288146835,0.017337006737667048,2004-02-17 20:52:39,33.5,1
0.10151048547864094,0.9672530341002665,1.3079999999999998,0.10150196524741117,0.078236767578125,0.14649926949072653,0.019309498666545712,0.010348101710300829,2004-02-17 21:02:39,33.333333333333336,1
0.10050111138028213,0.6656700407210692,0.966,0.10048284100871412,0.078039990234375,0.13879237356040622,0.023222537415248656,0.014489817609273528,2004-02-17 21:12:39,33.166666666666664,1
0.09937990578496302,0.7492883433609818,0.871,0.09936302244705549,0.076976123046875,0.13248633255206846,0.02167033634243982,0.013125690162729658,2004-02-17 21:22:39,33.0,1
0.10260710653042934,0.8227182307612142,1.021,0.10258642144837174,0.079290771484375,0.11967566381258857,0.01743716549531378,0.01731099441334156,2004-02-17 21:32:39,32.833333333333336,1
0.10001234542935812,0.6531682393752098,0.918,0.10000005968549854,0.077523046875,0.12206616825662513,0.015891167037934462,0.013043676353157764,2004-02-17 21:42:39,32.666666666666664,1
0.10276615596829532,0.6416007424119714,0.992,0.1027480462241223,0.07971455078125,0.1066466120378154,0.01283702966779628,0.016753456178435922,2004-02-17 21:52:39,32.5,1
0.10079244075465804,0.6889882544454977,0.952,0.10077314648240278,0.07791777343749999,0.10734113660291482,0.016987997865565985,0.011084801810952435,2004-02-17 22:02:39,32.333333333333336,1
0.10071724420996633,0.8698785616280142,0.981,0.10069870981864482,0.07741210937500001,0.11228750628186404,0.018633663380644698,0.015975924405842154,2004-02-17 22:12:39,32.166666666666664,1
0.10212575566772138,0.8126987608469922,1.0670000000000002,0.10211176030560837,0.078838134765625,0.11407793844211425,0.019675135833784222,0.013552594715713245,2004-02-17 22:22:39,32.0,1
0.1027555945291119,0.7648522205464707,1.1280000000000001,0.10274597154131519,0.07949257812500002,0.10640942398526027,0.013378356424467821,0.01449426376347761,2004-02-17 22:32:39,31.833333333333332,1
0.10324720860141631,0.831036873854631,0.9690000000000001,0.10323281452876602,0.07956225585937501,0.11107164539215236,0.014379477649313688,0.016101779310284354,2004-02-17 22:42:39,31.666666666666668,1
0.10473901018200549,0.8678155426467002,1.0250000000000001,0.10472464619055652,0.08070859375000002,0.10752342465390691,0.015559077634110836,0.012741439104447782,2004-02-17 22:52:39,31.5,1
0.10546040777193058,1.040542358713652,1.048,0.10544206525576959,0.080810205078125,0.09581813653859526,0.011400275857066874,0.008414118852666474,2004-02-17 23:02:39,31.333333333333332,1
0.10417618977302347,0.9784521946730997,1.084,0.10416035152198545,0.08019208984375,0.10208003264285691,0.013842750706935502,0.01532623689266485,2004-02-17 23:12:39,31.166666666666668,1
0.10512936366909462,0.8682347333715397,1.072,0.10511782550252133,0.08107119140625,0.08695225950257388,0.015143172185319345,0.009096123005256503,2004-02-17 23:22:39,31.0,1
0.10303119336706057,0.9841217553292885,1.125,0.10301653116940576,0.07880727539062499,0.0941878566778942,0.011419914855761087,0.014716436928407019,2004-02-17 23:32:39,30.833333333333332,1
0.10615366979680035,0.9651605101935341,1.079,0.10613361332449366,0.081467724609375,0.08679551559681295,0.01374772564733906,0.018386425382161484,2004-02-17 23:42:39,30.666666666666668,1
0.10578920644929649,0.8527960182725858,1.03,0.10577298046086293,0.081410986328125,0.07534061258605872,0.014464267969528932,0.01295891328538773,2004-02-17 23:52:39,30.5,1
0.10624512879458581,1.0622048878515784,1.021,0.10623180018397704,0.08114028320312501,0.09298510591699004,0.012962347692898356,0.01047648992132448,2004-02-18 00:02:39,30.333333333333332,1
0.10636952169904862,0.9437848507192914,1.013,0.10634430186694288,0.081595947265625,0.09396262027826763,0.016508736786466992,0.00933152822568684,2004-02-18 00:12:39,30.166666666666668,1
0.10593802474980654,1.0371035222071328,1.0619999999999998,0.1059304975844383,0.081003076171875,0.08623066063875465,0.015792960004628334,0.014505500174815146,2004-02-18 00:22:39,30.0,1
0.1089140454078783,1.0077068474045818,1.126,0.10889361794985976,0.083338818359375,0.08879837987853872,0.010646594663072918,0.011711502338100574,2004-02-18 00:32:39,29.833333333333332,1
0.1074263562701648,0.907783306322616,1.045,0.10740603716386624,0.082247998046875,0.07587954156104025,0.01331224581828425,0.01063142224645854,2004-02-18 00:42:39,29.666666666666668,1
0.10872704274567,1.0613031616076043,1.094,0.10871610497959165,0.08296972656250001,0.08141523753331929,0.01817992875735289,0.014579586359278814,2004-02-18 00:52:39,29.5,1
0.1102030913263808,1.0311089752787002,1.052,0.11017866270010543,0.08414838867187499,0.082520326506835,0.011658416869511684,0.00964444093390093,2004-02-18 01:02:39,29.333333333333332,1
0.10984870721388805,0.9169519991882567,1.1280000000000001,0.10981806034255638,0.0843080078125,0.0719840970109213,0.016168416671830544,0.011185360400307228,2004-02-18 01:12:39,29.166666666666668,1
0.10855998823195347,0.8940783735861797,0.9670000000000001,0.10853664988959488,0.08319409179687501,0.07153857494326754,0.014996751825098608,0.012727953441707757,2004-02-18 01:22:39,29.0,1
0.10971438572742807,0.8491577144284199,0.981,0.10969872878196792,0.084337451171875,0.06625424511633603,0.01040992763078115,0.011803683789485583,2004-02-18 01:32:39,28.833333333333332,1
0.11021514449553597,0.9068655570690551,1.013,0.11020168498120778,0.084134423828125,0.048407921642975874,0.008699202216765359,0.011872904980709682,2004-02-18 01:42:39,28.666666666666668,1
0.10842924185053242,1.0132164290253645,1.17,0.10840942846231306,0.08273291015625,0.07067701650051632,0.017570768460725354,0.015620223412978437,2004-02-18 01:52:39,28.5,1
0.10878737571627682,0.832879097363981,1.0030000000000001,0.10875097696982489,0.083304931640625,0.056792332259457616,0.011265418797071642,0.010014710397764833,2004-02-18 02:02:39,28.333333333333332,1
0.10945516459555768,0.8231602798627131,0.976,0.10944368214859199,0.083894189453125,0.05850036549542897,0.009353227773199961,0.014225617226173872,2004-02-18 02:12:39,28.166666666666668,1
0.11022510370295927,0.8278251510567718,1.0230000000000001,0.11020072722462239,0.08458374023437501,0.055692274018662974,0.011632124924305584,0.012561068352859242,2004-02-18 02:22:39,28.0,1
0.11007236278388924,0.9093675162758359,1.142,0.11005897582780104,0.08437875976562499,0.06010519351371652,0.009929485893121608,0.014612112672219483,2004-02-18 02:32:39,27.833333333333332,1
0.11049097592889091,0.8805146345458263,1.1179999999999999,0.11047037780701947,0.08447177734375,0.0661245803408262,0.012976090838988114,0.012177198357724562,2004-02-18 02:42:39,27.666666666666668,1
0.11108235613161074,0.9108341585129689,1.128,0.11106613412551834,0.0849138671875,0.06351296460799245,0.010045061735888428,0.011811664788375005,2004-02-18 02:52:39,27.5,1
0.11181097024177122,0.7826017423242178,1.018,0.11179252158915924,0.08580830078124999,0.0550584840305012,0.014769986043409629,0.01088809996832547,2004-02-18 03:02:39,27.333333333333332,1
0.11377855346468255,1.0530577911013372,1.275,0.11376583439958977,0.086527783203125,0.059786563785552985,0.011007683307462263,0.01056998090398577,2004-02-18 03:12:39,27.166666666666668,1
0.11121312854576791,1.004246892276277,1.162,0.11120202791145298,0.084733984375,0.0646322945796554,0.011215554376552084,0.01055113879254554,2004-02-18 03:22:39,27.0,1
0.11279849657720675,0.9871710975558337,1.091,0.11277862815009006,0.086027783203125,0.05765045874595469,0.009154712405995363,0.00992077271594309,2004-02-18 03:32:39,26.833333333333332,1
0.13760685088379956,1.4347239113785095,1.27,0.13758972412980983,0.10157714843750001,0.06176550244385441,0.00715188956602893,0.008477097340052241,2004-02-18 03:42:39,26.666666666666668,1
0.13716050862749496,1.4283782385626402,1.3199999999999998,0.13714496765158554,0.10178813476562501,0.05337305415854906,0.012782381183884105,0.00955642152481649,2004-02-18 03:52:39,26.5,1
0.13582555879463556,1.526033326725111,1.428,0.13581586698720016,0.10005,0.06718077990052473,0.012005185434969822,0.0091858167845758,2004-02-18 04:02:39,26.333333333333332,1
0.14128292273948928,1.3186391662809234,1.338,0.141271784510056,0.10488154296875,0.05547909023582205,0.007364271175228113,0.00930191599384391,2004-02-18 04:12:39,26.166666666666668,1
0.1392439846307889,1.6548803386845394,1.37,0.13923005978867162,0.101999755859375,0.05836397752166258,0.007727694797217268,0.007104325148037018,2004-02-18 04:22:39,26.0,1
0.14149214397499468,1.3532544021028956,1.292,0.1414760484750535,0.104758544921875,0.06555658691147412,0.006793330483113328,0.007685375502583059,2004-02-18 04:32:39,25.833333333333332,1
0.1454615141527455,1.4386361950716484,1.5070000000000001,0.14544415613965797,0.10702290039062501,0.06686344442359932,0.007959229764942406,0.006704410621746073,2004-02-18 04:42:39,25.666666666666668,1
0.14226609709559232,1.4864474321560541,1.304,0.14225630055719068,0.10451533203124999,0.06343104298397491,0.00898822078276476,0.009820422016410715,2004-02-18 04:52:39,25.5,1
0.14848516833288014,1.621963343802082,1.3639999999999999,0.14847332092298565,0.10830771484374999,0.06548003854884084,0.00981201851286244,0.010414611981308925,2004-02-18 05:02:39,25.333333333333332,1
0.14734120640036724,1.7908826278942165,1.3940000000000001,0.14732893084374554,0.10715629882812498,0.06738972833133006,0.007895608589598563,0.009795276244252695,2004-02-18 05:12:39,25.166666666666668,1
0.1502073183189238,1.6051862247538837,1.391,0.15019298536071016,0.10998496093750001,0.06271488736757418,0.007337461683627584,0.009630154714129813,2004-02-18 05:22:39,25.0,1
0.1523604708772505,1.8120062480535166,1.44,0.15234833064324316,0.10994921875,0.0712737534628887,0.007356739882857223,0.006657550958134603,2004-02-18 05:32:39,24.833333333333332,1
0.15797473112440522,1.7405612283734522,1.5550000000000002,0.15796136149588336,0.114418701171875,0.06807138220101061,0.00579828167978651,0.009109763999231699,2004-02-18 05:42:39,24.666666666666668,1
0.1564260849997831,2.0437957493316805,1.56,0.15641771767765242,0.11166362304687501,0.0786290793082794,0.011316777508132087,0.005867393893301681,2004-02-18 05:52:39,24.5,1
0.15855086181175426,1.7229279768259573,1.514,0.15854567219996843,0.11485039062499999,0.06715260203602756,0.00744098731799243,0.008183870042793324,2004-02-18 06:02:39,24.333333333333332,1
0.16185369038067607,1.6787726634016416,1.4140000000000001,0.16184255628512034,0.1169396484375,0.0723467781525623,0.006519903895105821,0.007617350397071758,2004-02-18 06:12:39,24.166666666666668,1
0.16324842971583983,2.015574023814369,1.584,0.16323885277464278,0.11675693359374999,0.07587936327469874,0.008662282897495422,0.008329693076631702,2004-02-18 06:22:39,24.0,1
0.16117788570347902,1.7982985135627825,1.673,0.161164936383518,0.11630244140624998,0.07057309750814551,0.008620473777254323,0.007977034532133435,2004-02-18 06:32:39,23.833333333333332,1
0.16386026151185765,1.939728094187526,1.4969999999999999,0.16384683626947907,0.116789990234375,0.07715855910360742,0.00867743821350159,0.007288213439198878,2004-02-18 06:42:39,23.666666666666668,1
0.1641407356615524,1.7157656168539202,1.487,0.16412653043382763,0.11826840820312501,0.06938520538979298,0.006354069613110927,0.0065130188652990275,2004-02-18 06:52:39,23.5,1
0.16522868178726188,1.9835988531006405,1.5350000000000001,0.16521983229855364,0.11790263671874998,0.07753559182499035,0.011479204816513341,0.007097482694485481,2004-02-18 07:02:39,23.333333333333332,1
0.16665703036921176,2.0716697030842974,1.724,0.16664426319320277,0.118561865234375,0.08030632517072679,0.008069849137187484,0.008487076059745871,2004-02-18 07:12:39,23.166666666666668,1
0.1676587770662298,2.182797878586589,1.604,0.16765329059812437,0.11900205078125,0.08174074227112806,0.0076157369854615575,0.010133627689001222,2004-02-18 07:22:39,23.0,1
0.16649171030297388,2.2474936969184105,1.682,0.1664857246490363,0.118333447265625,0.08395921583695275,0.009802785165867314,0.010450336226566843,2004-02-18 07:32:39,22.833333333333332,1
0.16421813585161088,2.0495516083694723,1.572,0.1642119678502848,0.116806591796875,0.08245588782150108,0.008809370387742054,0.008836854064509979,2004-02-18 07:42:39,22.666666666666668,1
0.1702835500051128,1.7646920360508087,1.516,0.1702728601642998,0.1219736328125,0.07220284603672979,0.006409603737349539,0.007617129163070433,2004-02-18 07:52:39,22.5,1
0.1736250683382695,1.9494268581178105,1.694,0.17362018243124677,0.12400205078125,0.08542199124887213,0.008036748130679382,0.008712998070414297,2004-02-18 08:02:39,22.333333333333332,1
0.17298654888097514,1.8545604910455502,1.499,0.17297847521185855,0.12353183593750001,0.08086150592091365,0.010138825370765337,0.005433090301588092,2004-02-18 08:12:39,22.166666666666668,1
0.173294136130417,1.9509461370828323,1.665,0.17328314036185247,0.12380927734374998,0.08791217240156295,0.00983417534966901,0.00688590861102339,2004-02-18 08:22:39,22.0,1
0.1684884876155768,1.9241748958478642,1.591,0.16847142904928453,0.120623779296875,0.08552045084894641,0.006023385320878648,0.007884061448661595,2004-02-18 08:32:39,21.833333333333332,1
0.16292540036465886,1.8549342732008274,1.48,0.1629063913824323,0.117393603515625,0.08797999094493378,0.007279790250573231,0.008026043001120413,2004-02-18 08:42:39,21.666666666666668,1
0.16105745377960237,1.8677091979007807,1.404,0.16105276379906622,0.11564736328124998,0.08892033115161958,0.008263272021160206,0.009807393590170034,2004-02-18 08:52:39,21.5,1
0.1632516828791992,1.8863280158958942,1.509,0.1632414843994758,0.117358056640625,0.10009718515395405,0.0065045724948864705,0.00997182115416155,2004-02-18 09:02:39,21.333333333333332,1
0.16558045303048682,2.0430306658271924,1.506,0.16555587003641892,0.11813056640625001,0.10747813462778012,0.006065571372575691,0.010123062221999525,2004-02-18 09:12:39,21.166666666666668,1
0.17137651092286174,1.9713531829950464,1.558,0.17136904456029367,0.1221724609375,0.11039058488748076,0.006690398974321791,0.008108939391556307,2004-02-18 09:22:39,21.0,1
0.1615881583228061,1.6576391816864087,1.5259999999999998,0.1615832749578178,0.11730126953125,0.10535935463495713,0.00952436327976341,0.00719202105831821,2004-02-18 09:32:39,20.833333333333332,1
0.1604859989512325,1.986168127812193,1.557,0.16047503524755521,0.11561171875000001,0.10911279707753668,0.008701139127635895,0.008584110440392393,2004-02-18 09:42:39,20.666666666666668,1
0.16264127827950267,1.7379029389884169,1.5550000000000002,0.162632404168626,0.11779438476562501,0.10887477750017278,0.009764237995199756,0.010794554773248102,2004-02-18 09:52:39,20.5,1
0.159670972878849,1.9307748803245355,1.587,0.15965523251698166,0.11536352539062497,0.10725208898683533,0.007543132759496696,0.01030100602008788,2004-02-18 10:02:39,20.333333333333332,1
0.16523961989311728,1.69861857480148,1.506,0.1652278101154626,0.12012749023437501,0.11724845301572723,0.012133889786195465,0.009715312484867943,2004-02-18 10:12:39,20.166666666666668,1
0.16352310019344363,1.7980263016047227,1.478,0.16351984655074325,0.118865625,0.11503594420928927,0.0070257836937841125,0.007407237264420855,2004-02-18 10:22:39,20.0,1
0.16181308058026397,1.8630282944896983,1.447,0.16179882762092818,0.11673330078125,0.12007765148355669,0.007335290760190877,0.011200803399141548,2004-02-18 10:32:39,19.833333333333332,1
0.16014388473606908,1.8031734159759187,1.5990000000000002,0.16013174127715762,0.116298779296875,0.10922220796522498,0.0069831969700361015,0.009850342092197447,2004-02-18 10:42:39,19.666666666666668,1
0.15362154742738524,1.990564563684032,1.553,0.153615046815428,0.111422607421875,0.11978350816419923,0.008727559163417496,0.00959607730408047,2004-02-18 10:52:39,19.5,1
0.1511838291462169,1.9105034401115963,1.521,0.15116738632709387,0.11010820312499998,0.1252294995618457,0.010860184027169262,0.010193188906763942,2004-02-18 11:02:39,19.333333333333332,1
0.14981626670535897,2.010811648881112,1.591,0.14980795366995223,0.10920205078124998,0.12081252779608509,0.010330382470947521,0.009565245034397096,2004-02-18 11:12:39,19.166666666666668,1
0.149335195075646,1.8523326844643861,1.6429999999999998,0.1493264383586212,0.10897861328125,0.13190239006319116,0.010655771495455053,0.007511727297083955,2004-02-18 11:22:39,19.0,1
0.1498185816975818,1.8254492498206778,1.572,0.1498007290054314,0.10961064453125,0.12750294784172056,0.011650339402049919,0.011292817368635015,2004-02-18 11:32:39,18.833333333333332,1
0.149862981364958,2.1445952988347967,1.572,0.14984583978526272,0.10869150390625,0.13305793289255766,0.010420484559691093,0.009732232688277775,2004-02-18 11:42:39,18.666666666666668,1
0.16718367533592543,2.3497359381237013,1.689,0.1671725164372373,0.118757080078125,0.152346097535509,0.010773026426442454,0.010628519356908273,2004-02-18 11:52:39,18.5,1
0.16999917035068693,2.208771260452232,1.724,0.16998675236189367,0.121940087890625,0.1692028470835673,0.014363026368307752,0.010115377992608254,2004-02-18 12:02:39,18.333333333333332,1
0.16036722810961876,2.1607694501256915,1.7970000000000002,0.16034146911557112,0.11608623046875,0.17096206167748315,0.013322664232927314,0.008580944784330167,2004-02-18 12:12:39,18.166666666666668,1
0.1594284300757122,2.313065513511793,1.668,0.15941694796215164,0.1148087890625,0.18153567715693145,0.010097844061387376,0.009516945820061315,2004-02-18 12:22:39,18.0,1
0.15939881317194618,1.936476227521859,1.624,0.1593916250699241,0.1159603515625,0.19257088357966867,0.008934511667716272,0.009367733334191459,2004-02-18 12:32:39,17.833333333333332,1
0.15437217640383338,2.0171449362299043,1.5699999999999998,0.15435227513627575,0.11242939453125,0.16979202818839184,0.010876423591905245,0.010531609090324816,2004-02-18 12:42:39,17.666666666666668,1
0.150218535631478,1.9597930001146162,1.499,0.15020805134514342,0.10986069335937501,0.16842448805009824,0.01636156376459671,0.007491622106441043,2004-02-18 12:52:39,17.5,1
0.1537879396152174,2.32552999855893,1.7349999999999999,0.1537774429566012,0.11151494140625,0.18250387002695057,0.008527867507957348,0.009131815697348103,2004-02-18 13:02:39,17.333333333333332,1
0.15559491551581947,2.144010282578053,1.584,0.15557643493010212,0.11318486328124999,0.1787157578525972,0.011005538683187904,0.006789220101835748,2004-02-18 13:12:39,17.166666666666668,1
0.15190021604581616,2.414229357022534,1.714,0.15188246573407468,0.110352197265625,0.18617120474537055,0.01212913926351256,0.010660576673973344,2004-02-18 13:22:39,17.0,1
0.1502383227185436,2.7036891974098145,1.565,0.1502286335031333,0.10866728515624999,0.18129128834285455,0.009249438455607927,0.011774774052086857,2004-02-18 13:32:39,16.833333333333332,1
0.15197789499268058,2.343674913587944,1.558,0.1519661055489604,0.11058623046875,0.1838539078339613,0.011445020954111056,0.011198946983393791,2004-02-18 13:42:39,16.666666666666668,1
0.15546296424535694,2.4559821639033332,1.795,0.1554396239696517,0.11285024414062499,0.19245945445844287,0.0072902025003833875,0.007615695982695653,2004-02-18 13:52:39,16.5,1
0.15592530873561505,2.2423973572547427,1.5030000000000001,0.15591505308926573,0.113295947265625,0.19593154125639037,0.014766298497103982,0.013457850529799868,2004-02-18 14:02:39,16.333333333333332,1
0.15534268396963735,2.618462189983938,1.8279999999999998,0.15532462366813893,0.112400048828125,0.19791509690005496,0.011516968813949452,0.009598731898695563,2004-02-18 14:12:39,16.166666666666668,1
0.154439128886594,2.7853960757318905,1.684,0.1544374055399465,0.11148632812499999,0.19960252467988007,0.013827885852288339,0.012253675268472094,2004-02-18 14:22:39,16.0,1
0.1553537588243663,2.6170959326173717,1.643,0.1553431436876487,0.112501513671875,0.1922295979208975,0.009967595307341426,0.00823145504156987,2004-02-18 14:32:39,15.833333333333334,1
0.1636656377093154,2.8274439584781,1.763,0.1636560909850357,0.116933056640625,0.19487540866012018,0.011828242410025936,0.009900450123241351,2004-02-18 14:42:39,15.666666666666666,1
0.1562463933958757,2.9870475907345915,1.787,0.15623672911584047,0.11234082031249999,0.1902513678129621,0.015484551065606781,0.011096008097271856,2004-02-18 14:52:39,15.5,1
0.145387459832554,2.5016785353673443,1.609,0.14536958588874374,0.10555654296874999,0.20302480280043048,0.011729857198881474,0.011710952096198799,2004-02-18 15:02:39,15.333333333333334,1
0.13575110964383036,1.8582353224564452,1.462,0.1357431755092402,0.1012486328125,0.21249088377738837,0.015628302532682353,0.011253889622407556,2004-02-18 15:12:39,15.166666666666666,1
0.1319658662069476,1.7291334310415376,1.411,0.13194266236585936,0.0989888671875,0.22156066051387172,0.01587703721541667,0.011822527048018183,2004-02-18 15:22:39,15.0,1
0.12557964588633583,1.1705994375263566,1.2229999999999999,0.1255676200185105,0.09555849609375,0.22764661727834873,0.0144498447431118,0.013371704324993367,2004-02-18 15:32:39,14.833333333333334,1
0.12250529265511603,0.7582545887010923,1.291,0.12248546571136198,0.094820947265625,0.2196509896066091,0.016830373485975953,0.013318654590487653,2004-02-18 15:42:39,14.666666666666666,1
0.12193231444797815,0.8540642536757233,1.123,0.12192769830785849,0.09397739257812501,0.20879462325163436,0.01248791805550534,0.013686520291966849,2004-02-18 15:52:39,14.5,1
0.11888064914120539,0.7447000410765416,1.115,0.11885393140850917,0.092085791015625,0.1994143949418682,0.017781792871496293,0.010218544903074169,2004-02-18 16:02:39,14.333333333333334,1
0.12123167830323371,0.7451340240399658,1.123,0.12121389575259688,0.09362001953125,0.21112731149861194,0.016743762171105365,0.014414816522056416,2004-02-18 16:12:39,14.166666666666666,1
0.12019822474738083,0.6220974835329587,1.194,0.12018218906071816,0.093138134765625,0.1976414398442338,0.02053513817831151,0.00962192946462197,2004-02-18 16:22:39,14.0,1
0.12071113848803731,0.6551291462480338,1.184,0.12070150076730957,0.093400048828125,0.18868301062735893,0.01611729037395279,0.012368114537234048,2004-02-18 16:32:39,13.833333333333334,1
0.12601823908478982,0.6517192411772115,1.13,0.12600556940137403,0.09740976562499999,0.1933982008136268,0.010814621964126766,0.010766995036580839,2004-02-18 16:42:39,13.666666666666666,1
0.12889697940148995,0.7083926008050154,1.2970000000000002,0.12888161865198483,0.09935200195312499,0.18742393558340584,0.011483706267111652,0.014150979732797893,2004-02-18 16:52:39,13.5,1
0.14386658265043908,0.8917511732437964,1.3479999999999999,0.14385861794654653,0.10904204101562501,0.15491905694015942,0.013601733926677826,0.010924658124269366,2004-02-18 17:02:39,13.333333333333334,1
0.1530643899497957,0.9435163586508755,1.294,0.15304429884762435,0.11511635742187501,0.130883869923431,0.0183209939389285,0.009192181243506365,2004-02-18 17:12:39,13.166666666666666,1
0.16624198964489614,1.3486509237945565,1.611,0.16622874011913663,0.12250400390625,0.13080050078667185,0.009167611079167942,0.010097250509679809,2004-02-18 17:22:39,13.0,1
0.17545500989725793,1.1838736559423841,1.48,0.17544598819703622,0.129758837890625,0.10675119392037805,0.007303501768692334,0.009848830876124301,2004-02-18 17:32:39,12.833333333333334,1
0.18285186194832348,1.3862938680188774,1.78,0.1828416319302177,0.13361337890625,0.1124916460150571,0.006811670357523009,0.007253469373597981,2004-02-18 17:42:39,12.666666666666666,1
0.18304781036359397,1.2342713199347317,1.47,0.18303868906251922,0.13430195312499998,0.1003427147603457,0.0073996052185238605,0.006259339471341111,2004-02-18 17:52:39,12.5,1
0.18434091303017047,1.3039774763408225,1.5030000000000001,0.18432173859087536,0.13458745117187498,0.10671459394435445,0.009581700216321667,0.005495590071858617,2004-02-18 18:02:39,12.333333333333334,1
0.1736957100996776,1.020917148298862,1.4969999999999999,0.17368301738312128,0.12972968749999997,0.08467290027982913,0.007207988768120803,0.0074873803753107895,2004-02-18 18:12:39,12.166666666666666,1
0.16510211595072383,1.0678221904600482,1.396,0.16509484457377735,0.12410439453125,0.07554402260418426,0.007897709921685755,0.009212736481289957,2004-02-18 18:22:39,12.0,1
0.17317741069831213,1.146770361510118,1.492,0.17317115194605306,0.12941791992187499,0.08099505760411849,0.007010882905628691,0.007395353032824666,2004-02-18 18:32:39,11.833333333333334,1
0.17769195249213945,1.3532294162545364,1.6920000000000002,0.17768744935036662,0.13103740234375,0.08247700373594642,0.00685553147553483,0.005286980181359407,2004-02-18 18:42:39,11.666666666666666,1
0.1765543943106221,1.3405787092114876,1.552,0.17654433227019936,0.13031586914062498,0.09057574991695266,0.005557609738442141,0.007890497296431574,2004-02-18 18:52:39,11.5,1
0.19303768417012682,1.8307962570664102,1.772,0.19302381537633706,0.14065053710937497,0.10085271343600619,0.006989840798073532,0.006017668073334562,2004-02-18 19:02:39,11.333333333333334,1
0.17691763882590783,1.3686049383747134,1.385,0.17690343055438598,0.132387646484375,0.12714233957592067,0.007689883930278106,0.006996739264341376,2004-02-18 19:12:39,11.166666666666666,1
0.17101502598113455,1.6972990335325884,1.5950000000000002,0.17101263275999437,0.127039501953125,0.16649739071640415,0.009646553634392104,0.008803492834094585,2004-02-18 19:22:39,11.0,1
0.17515580745372283,1.7455054948068334,1.6360000000000001,0.175142612161416,0.13002495117187501,0.17364053306573896,0.010898216721621471,0.007645309327197261,2004-02-18 19:32:39,10.833333333333334,1
0.16993852734495457,2.255903683008439,1.8330000000000002,0.16992461501297912,0.125172607421875,0.19939175063751421,0.010502725626088744,0.008007281033627626,2004-02-18 19:42:39,10.666666666666666,1
0.17552127358377032,2.0638266632173696,1.746,0.17551363500941672,0.12989443359375002,0.2041106566862906,0.008861783232406046,0.010812223527826507,2004-02-18 19:52:39,10.5,1
0.16959605990457519,2.1153796518807866,1.621,0.16958180403735776,0.12622548828125,0.2013535532093805,0.013850010870789803,0.008500206778900853,2004-02-18 20:02:39,10.333333333333334,1
0.18459811645737173,2.411707871709206,1.762,0.18458911955411558,0.135438134765625,0.22850673866820267,0.014001660329039385,0.010032306096092587,2004-02-18 20:12:39,10.166666666666666,1
0.17965330544203745,2.0089294306640975,1.8090000000000002,0.17964441557498373,0.1335451171875,0.24121045054609377,0.01734050753165949,0.00906250079413726,2004-02-18 20:22:39,10.0,1
0.17156891922189388,1.3141253632852585,1.7429999999999999,0.1715594336098162,0.1299353515625,0.253324523749441,0.014952351045429519,0.009891815778624672,2004-02-18 20:32:39,9.833333333333334,1
0.1692448004821252,1.0769826776554003,1.658,0.16923512047254155,0.12925444335937503,0.252896071402395,0.010847107319191295,0.01196869397566232,2004-02-18 20:42:39,9.666666666666666,1
0.1579695922949849,0.7116730210735773,1.4020000000000001,0.15795255776795086,0.12223886718749999,0.23255550617770473,0.010902023241262234,0.010119178073168882,2004-02-18 20:52:39,9.5,1
0.1509290111484535,0.8791589930309289,1.3599999999999999,0.15092203452922046,0.11611718750000002,0.18332807333214912,0.013642435905413721,0.005784408828072912,2004-02-18 21:02:39,9.333333333333334,1
0.1583352741280449,0.5097211008931195,1.343,0.1583219969911073,0.122882763671875,0.16565722511806133,0.009449717645776288,0.007339990870506622,2004-02-18 21:12:39,9.166666666666666,1
0.1705056983331129,0.36023657648302043,1.4089999999999998,0.17049299206399,0.13251162109375,0.15646915951287907,0.011790255314731315,0.010825783202854286,2004-02-18 21:22:39,9.0,1
0.1677026281379484,0.3981921052115944,1.35,0.16769343691737604,0.13018242187499998,0.07265374285011574,0.006008897619374167,0.007439328310584033,2004-02-18 21:32:39,8.833333333333334,1
0.17962051482417907,0.5306651783109202,1.674,0.1796056288518843,0.13848383789062502,0.07577801591425479,0.010386132211214762,0.00841822018360626,2004-02-18 21:42:39,8.666666666666666,1
0.19204555988179603,0.7575828455999747,1.782,0.19203544127248395,0.14576650390624998,0.0775187285278436,0.006468616757129477,0.007860386017196247,2004-02-18 21:52:39,8.5,1
0.19999621285476882,0.8614391353394919,1.701,0.19998656091169748,0.15187685546875,0.06662241012478096,0.007813780351077354,0.005731988758237158,2004-02-18 22:02:39,8.333333333333334,1
0.22445728524686076,1.432010607791831,1.9939999999999998,0.22445169715982735,0.165063720703125,0.08857486040596993,0.006227447541833467,0.007421135925728607,2004-02-18 22:12:39,8.166666666666666,1
0.26592951772685464,2.1891832853224065,2.38,0.2659238102180243,0.18908027343749997,0.13552881777731657,0.0068460869038842066,0.005816159566469327,2004-02-18 22:22:39,8.0,1
0.2011581127574153,1.8169613224526344,2.033,0.20114734985176033,0.14993154296875,0.17458339059912292,0.01233882691060184,0.006298898953566717,2004-02-18 22:32:39,7.833333333333333,1
0.19690958785954438,1.4290510108228043,1.865,0.1968945543969747,0.14828041992187502,0.2199386566851049,0.01357119118218067,0.0073216446868213745,2004-02-18 22:42:39,7.666666666666667,1
0.19559759904444923,1.1912963429579317,1.787,0.19559009497414873,0.148379736328125,0.2375670733948085,0.015826323108237533,0.008462986215874633,2004-02-18 22:52:39,7.5,1
0.16647280153930175,0.7073995486969831,1.433,0.1664643677693139,0.12903251953125,0.21661213760079306,0.00691566779143805,0.007049622095307513,2004-02-18 23:02:39,7.333333333333333,1
0.16240046470838684,0.8370119299601693,1.4820000000000002,0.16238247631498678,0.12587851562500002,0.22141117664812293,0.010971698620314057,0.01162718915080034,2004-02-18 23:12:39,7.166666666666667,1
0.17006932323917578,0.8084666871764297,1.541,0.17005873902746138,0.131931640625,0.2536812485218861,0.013338444518310906,0.009957402269748415,2004-02-18 23:22:39,7.0,1
0.16308295465086547,0.23894680872769847,1.416,0.16306470852427626,0.12967060546875003,0.19364869756333755,0.013032382058499027,0.009278598851585702,2004-02-18 23:32:39,6.833333333333333,1
0.19798816462121702,0.6923372169713664,1.6429999999999998,0.19798261368397455,0.151886572265625,0.157925141281448,0.0075908532938996544,0.006746620570440407,2004-02-18 23:42:39,6.666666666666667,1
0.18847632684570761,0.6436077190247782,1.589,0.18846554449620162,0.1458556640625,0.1161180046429755,0.009623286832115859,0.007492044611507369,2004-02-18 23:52:39,6.5,1
0.21543727935965637,1.459360815298072,2.073,0.21543143790125996,0.160890673828125,0.118421313313872,0.009986985916236453,0.008873442632136094,2004-02-19 00:02:39,6.333333333333333,1
0.18385103886621773,0.8860869364057478,1.7309999999999999,0.18384188836827614,0.14288583984375,0.14222470203584545,0.009913116564976508,0.009920620254863875,2004-02-19 00:12:39,6.166666666666667,1
0.16387582177044147,0.264837372909283,1.4209999999999998,0.16386712604147086,0.12944736328125,0.11256957111010164,0.012327927506197945,0.007912379515548008,2004-02-19 00:22:39,6.0,1
0.1583213382414958,0.3272809091241333,1.343,0.15830738757848012,0.12358002929687499,0.11784607721782596,0.00785580505909499,0.010682524869776003,2004-02-19 00:32:39,5.833333333333333,1
0.16120348893169156,0.5967169390549398,1.362,0.1611921610636869,0.12453740234374999,0.10429786682863039,0.008715422221863557,0.011260775680434381,2004-02-19 00:42:39,5.666666666666667,1
0.18293621668494187,0.9123565017035284,1.5870000000000002,0.18293026703501983,0.139822265625,0.14769101232500834,0.014797503365053088,0.01417786862654594,2004-02-19 00:52:39,5.5,1
0.21442471646991426,1.374674721529777,1.992,0.21441788300098122,0.16089301757812502,0.19616665518940238,0.01354563298890364,0.010265855536486016,2004-02-19 01:02:39,5.333333333333333,1
0.23728752594838,1.252736493216303,2.377,0.23727929075269955,0.17740561523437498,0.1856862639835573,0.01140747693996928,0.006150481243168724,2004-02-19 01:12:39,5.166666666666667,1
0.198759839575617,0.3933957321560184,1.452,0.19875337356945538,0.15332763671875,0.07870940593352292,0.007612939564610108,0.007278388378662457,2004-02-19 01:22:39,5.0,1
0.2361434556379342,0.612917766974324,1.799,0.2361333975837167,0.17944443359375,0.08143746418106472,0.008477384320982809,0.006197831252507703,2004-02-19 01:32:39,4.833333333333333,1
0.20298839432938495,0.5615680660538103,1.587,0.20297935560138036,0.15561723632812502,0.07902980244834776,0.009508850750704132,0.008051706914829924,2004-02-19 01:42:39,4.666666666666667,1
0.2210419021583139,0.46597368504944825,1.814,0.22103687038934378,0.171794287109375,0.16698280799607787,0.010311456795649415,0.010396046783885933,2004-02-19 01:52:39,4.5,1
0.20722116595824314,0.16907884603970835,1.489,0.2072049313492078,0.16294912109374998,0.12185787026690836,0.014553809645950919,0.00802262484459736,2004-02-19 02:02:39,4.333333333333333,1
0.2615312065920325,0.8204043276750212,2.058,0.26151912875066796,0.197246923828125,0.06804845565985863,0.004442943769393091,0.005980050533126759,2004-02-19 02:12:39,4.166666666666667,1
0.201622636741226,0.5013473530752228,1.538,0.20161989934794045,0.15503696289062502,0.10713793619122285,0.015259794597304458,0.010114928318583943,2004-02-19 02:22:39,4.0,1
0.22289943638384188,0.5713784691198787,1.9529999999999998,0.22289267845489363,0.172425048828125,0.08642167144927063,0.011525923657930636,0.011931217089795703,2004-02-19 02:32:39,3.8333333333333335,1
0.25924244834032173,0.16861549031199186,2.368,0.25922808764595173,0.20412456054687497,0.09242997473402015,0.007786131887137154,0.005292100015881001,2004-02-19 02:42:39,3.6666666666666665,1
0.2316656449388253,0.2934607781314713,1.948,0.23165725732608264,0.183015478515625,0.15545824224626778,0.012261613125111669,0.009529263112459569,2004-02-19 02:52:39,3.5,1
0.23457642022127487,0.4467166795556161,1.9949999999999999,0.23456853716290416,0.18231860351562498,0.19794214715804107,0.014286785378072212,0.007463603649667392,2004-02-19 03:02:39,3.3333333333333335,1
0.24749721490699397,0.1626857411278535,1.936,0.24749552770400188,0.19475849609374998,0.14365071657348782,0.017585603457911766,0.009813808222486462,2004-02-19 03:12:39,3.1666666666666665,1
0.2971881006007338,0.4672789493564786,2.271,0.2971874369131276,0.230137744140625,0.0983720359767835,0.009968045945282984,0.007523755326900106,2004-02-19 03:22:39,3.0,1
0.29165111235496877,0.17404002726836953,2.192,0.2916445465934364,0.228025830078125,0.037312813312993805,0.015846577880120373,0.008563939407618761,2004-02-19 03:32:39,2.8333333333333335,1
0.3437355161721363,-0.26431290673250407,2.385,0.34373452753480926,0.2803884765625,0.09507019014823487,0.007980928731678077,0.010447330562462429,2004-02-19 03:42:39,2.6666666666666665,1
0.3148111378891517,-0.2586442380351408,2.1109999999999998,0.31480520089341657,0.2539470703125,0.008454361925924086,0.008852916183459084,0.008646273903777712,2004-02-19 03:52:39,2.5,1
0.3257155681690027,1.5968266934729112,3.9399999999999995,0.32571497152163553,0.255130078125,0.1222907126789489,0.008376591727428202,0.008306224666094002,2004-02-19 04:02:39,2.3333333333333335,1
0.35309010723627615,2.2380940570024253,4.556,0.3530770677965697,0.26933066406250006,0.1259961651241104,0.01030421649854389,0.010725718237924885,2004-02-19 04:12:39,2.1666666666666665,1
0.429678447916015,6.024630353873824,6.609,0.42967319202023574,0.29422377929687504,0.17759369558205743,0.013740618885424709,0.012682983763546882,2004-02-19 04:22:39,2.0,1
0.41556983063121816,2.7117898700932344,4.8,0.41556344554321095,0.29984995117187496,0.10289257920657345,0.01236460376732045,0.006157009679465051,2004-02-19 04:32:39,1.8333333333333333,1
0.371681086587619,8.789803488288598,6.689,0.3716740259933276,0.24854594726562498,0.19823079545179434,0.011718162046619681,0.009994309003207339,2004-02-19 04:42:39,1.6666666666666667,1
0.4476727901067398,3.1626183717417335,5.193,0.44766612783039755,0.329175048828125,0.07461982100445477,0.006104125999213856,0.006835396152147951,2004-02-19 04:52:39,1.5,1
0.6721374879698163,14.113747690352604,9.998000000000001,0.6721289437226655,0.416709765625,0.14807342472007384,0.011985724470888416,0.009000361089989292,2004-02-19 05:02:39,1.3333333333333333,1
0.530956128967989,9.799146005755407,8.347000000000001,0.5309298963726813,0.35193598632812495,0.12098402149568237,0.00790462005455513,0.007065595625758677,2004-02-19 05:12:39,1.1666666666666667,1
0.4459182473835416,1.6249674604502236,5.869,0.4459067523416139,0.338250439453125,0.08167885534882441,0.00856243393629741,0.008055496016297937,2004-02-19 05:22:39,1.0,1
0.38697483181595205,0.4692649902650845,3.894,0.386974659780703,0.301368017578125,0.1002384134556882,0.018305015691061993,0.011997482111921351,2004-02-19 05:32:39,0.8333333333333334,1
0.7250014697250727,12.581068869021838,9.998000000000001,0.724996245861816,0.453317626953125,0.15844907256476798,0.012751422914600076,0.012999585695725374,2004-02-19 05:42:39,0.6666666666666666,1
0.46201166565273954,3.7611828296472707,5.569,0.4619898811734555,0.33757451171874997,0.08791494539915132,0.012975269529270472,0.009209750202885093,2004-02-19 05:52:39,0.5,1
0.4838353953514789,4.893242745309245,7.197,0.4838323979711101,0.351094482421875,0.1561482474922195,0.02450158181015731,0.012331381425646952,2004-02-19 06:02:39,0.3333333333333333,1
0.002103011233921493,3.6386938853060995,0.005,0.0009873279856301533,0.0018568359375000006,0.03709997178478612,0.012554847454322516,0.005427684468104207,2004-02-19 06:12:39,0.16666666666666666,1
